id,chi_m,elevation_m,area_m2
29,4.132904071578118,201.0,1011368.2967778977
29,4.056131421786809,201.0,1030817.6871005496
29,3.9262178997215544,198.0,1033809.9009963422
29,3.9800140308271663,200.0,1032313.7940484459
29,3.8501997276627584,196.0,1034557.9544702903
29,3.7742062952872804,194.0,1052511.237845046
29,3.7208771911223817,192.0,1083929.4837508684
29,3.6682493131840985,192.0,1098142.4997558831
29,3.6159290515343985,191.0,1098890.5532298312
29,5.77109436557211,269.0,1901551.9307761937
29,5.81204799513723,271.0,1892575.289088816
29,5.853082004842272,274.0,1884346.7008753864
29,5.894152719430709,275.0,1880606.4335056457
29,5.936489330812269,276.0,1757925.6637781493
29,5.978858410309883,278.0,1754933.4498823567
29,6.021260038293631,278.0,1751941.235986564
29,6.063751591778612,277.0,1743712.6477731345
29,3.56362482019566,192.0,1128064.638713809
29,5.591211915815103,259.0,1937458.4975257046
29,5.631827728160528,262.0,1927733.8023643787
29,5.672507534193465,264.0,1921001.3210988455
29,5.713309109007607,266.0,1908284.412041727
29,6.124447734929867,279.0,1704813.8671278309
29,6.167398323173823,281.0,1702569.7067059865
29,6.210382922712814,283.0,1699577.492810194
29,3.490533561988618,190.0,1135545.1734532902
29,5.53391105479841,258.0,1938954.6044736009
29,6.271296034825269,288.0,1691348.9045967644
29,6.314564579701646,293.0,1674891.728169905
29,3.4389959448384984,190.0,1136293.2269272383
29,4.533862894356169,236.0,2315225.5018695192
29,4.571303412551459,235.0,2309989.127551882
29,5.397602092091924,260.0,2064627.5880968897
29,5.436996013521158,259.0,2063131.4811489934
29,5.4766300941374855,258.0,2035453.5026129119
29,6.375807884182799,293.0,1671151.4608001644
29,6.4192162937398365,295.0,1662922.8725867348
29,6.462730563328743,298.0,1653946.230899357
29,6.506289187474508,299.0,1650205.9635296164
29,3.3874735983452693,189.0,1138537.3873490826
29,4.443595260496102,234.0,2323454.090082949
29,4.480975916864124,236.0,2318217.715765312
29,4.624477393445488,237.0,2287547.5233334373
29,4.6622163269400705,238.0,2269594.2399586816
29,4.700033887224793,241.0,2259121.4913234077
29,4.7378570839296,242.0,2258373.4378494597
29,4.775753801305874,244.0,2248648.742688134
29,4.8136846069882715,244.0,2244160.421844445
29,4.851689610940777,246.0,2234435.7266831193
29,5.3026639276689105,259.0,2081084.7645237488
29,5.341917254835322,259.0,2079588.6575758525
29,6.56804511621563,301.0,1640481.2683682905
29,6.611791633461512,303.0,1634496.8405767053
29,6.6558203542533825,306.0,1611307.1828843127
29,6.699867483839932,307.0,1609811.0759364164
29,6.743979240069774,309.0,1604574.7016187795
29,6.788155929477585,308.0,1599338.3273011425
29,6.833315170479018,314.0,1523036.8729584313
29,6.880056694913419,316.0,1410828.851866209
29,6.926989060669929,320.0,1398111.9428090905
29,6.973966696392757,324.0,1395119.7289132979
29,3.3359969764963138,186.0,1139285.4408230307
29,4.021783848578433,215.0,2487277.8008775925
29,4.058087578235735,215.0,2473812.838346526
29,4.094490543843544,217.0,2458851.768867563
29,4.130903481197287,218.0,2457355.661919667
29,4.167604366923166,220.0,2414716.6139046224
29,4.204548287431424,222.0,2379558.1006290596
29,4.241497435400936,222.0,2378810.0471551116
29,4.278813138348556,226.0,2327194.357452689
29,4.316134240197059,228.0,2326446.303978741
29,4.353460743464203,231.0,2325698.250504793
29,4.3907926506697335,232.0,2324950.197030845
29,4.9055017095839775,248.0,2227703.245417586
29,4.943656524297168,246.0,2214986.3363604676
29,4.981834556168273,246.0,2211994.122464675
29,5.020076670721742,246.0,2203765.534251245
29,5.129664458828061,251.0,2099038.0478985044
29,5.168785079205029,253.0,2095297.7805287635
29,5.207956083923001,256.0,2089313.3527371783
29,5.247177682675899,258.0,2083328.924945593
29,7.04045728441868,326.0,1392127.5150175053
29,7.087583025210838,331.0,1385395.033751972
29,7.135789449847523,335.0,1317322.1676226906
29,7.184045229807671,338.0,1314329.953726898
29,7.232375349029676,343.0,1309841.632883209
29,7.28080516380057,345.0,1303857.2050916238
29,7.329423707950586,346.0,1292636.4029824017
29,3.263230543701437,180.0,1142277.654718823
29,3.2118298399069825,179.0,4780061.698528668
29,3.2423586804870834,180.0,3635539.883388001
29,3.272912995975903,183.0,3628807.4021224678
29,3.3034985406889152,184.0,3620578.813909038
29,3.3341011629363173,188.0,3616090.4930653493
29,3.3693768131528086,187.0,2636888.4956672215
29,3.4046614736248304,189.0,2635392.3887193254
29,3.4399596633957907,191.0,2633148.228297481
29,3.4753076039951765,194.0,2624919.640084051
29,3.510714633381625,196.0,2615194.944922725
29,3.5461307816323457,197.0,2613698.837974829
29,3.5817031177912617,198.0,2588265.019860592
29,3.617391724931157,200.0,2569563.6830118885
29,3.6530943670486824,201.0,2567319.522590044
29,3.688825132560761,201.0,2562831.2017463553
29,3.9344142413739367,214.0,2500742.7634086595
29,3.9705756145082263,215.0,2495506.3890910223
29,5.074392279127184,246.0,2182071.983506749
29,7.398278017150132,347.0,1288148.0821387128
29,7.44715192800501,351.0,1277675.3335034386
29,7.4963380624990945,354.0,1259722.0501286832
29,7.545537346217781,353.0,1258973.9966547352
29,7.594789340337061,354.0,1255981.7827589426
29,7.64417391079842,356.0,1248501.248019461
29,7.693571802239377,356.0,1247753.194545513
29,3.184838698776219,177.0,4781557.805476564
29,3.7394951138047303,204.0,2546374.025319496
29,3.775353323957552,207.0,2542633.7579497555
29,3.811216282459068,208.0,2541885.7044758075
29,3.847261193447044,210.0,2513459.672465778
29,3.883330267724784,213.0,2509719.4050960373
29,3.1466785994166684,177.0,4783053.91242446
29,2.490206755698852,153.0,5224405.462053867
29,2.5161864971214336,156.0,5203459.964783319
29,2.5424015648211387,159.0,5100228.585378475
29,2.5686183629454606,159.0,5099480.531904526
29,3.1085238718187873,175.0,4783801.965898409
29,2.3757893558664667,150.0,5257319.814907586
29,2.4016938190740165,152.0,5237122.371110986
29,2.4276149500349558,153.0,5229641.836371505
29,2.4535377496725848,152.0,5228893.782897556
29,2.6057355041903,160.0,5085267.515899511
29,2.6319887264684807,160.0,5083771.408951615
29,2.658297767161656,161.0,5059833.697785274
29,2.684638374275889,163.0,5046368.735254208
29,2.710987771522408,166.0,5042628.467884467
29,2.737356540379681,169.0,5034399.879671037
29,3.04348270586856,178.0,4850378.7250797935
29,3.070371829188195,176.0,4820456.586121867
29,2.349929723678828,150.0,5258067.868381535
29,2.7746644390676374,169.0,5027667.3984055035
29,2.801073860950111,169.0,5017194.649770229
29,2.9787603046382,177.0,4860851.473715067
29,3.0055672144774457,179.0,4853370.938975586
29,2.3240717471021997,147.0,5283501.686495772
29,2.838434335197525,169.0,5011958.275452592
29,2.9408815952231064,175.0,4869080.061928497
29,2.2875878771624176,147.0,5290234.167761305
29,2.8762711485180277,171.0,4872820.329298237
29,2.903031705415718,173.0,4872072.275824289
29,2.225341082424123,142.0,5305943.290714216
29,2.251124908158579,145.0,5291730.274709201
29,2.199588359795419,142.0,5321652.4136671275
29,2.163222420931586,139.0,5326140.734510817
29,2.1268702757193108,137.0,5326888.787984765
29,2.0650328245395007,139.0,5469018.948034914
29,2.0905204278103815,138.0,5429372.113915662
29,2.0291111570145364,139.0,5470515.05498281
29,2.003709992681862,136.0,5472759.215404655
29,1.9783135160801348,135.0,5483231.964039929
29,1.952938878758444,134.0,5484728.070987825
29,1.917063546139054,132.0,5489964.445305462
29,1.8917029164424217,129.0,5494452.766149151
29,1.8663516113324183,127.0,5505673.568258373
29,1.8305377601034878,126.0,5620125.749772441
29,6.627325960516245,401.0,1787847.8027360756
29,6.669373920913636,400.0,1784855.588840283
29,6.711445693777341,401.0,1782611.4284184386
29,6.757061417035747,402.0,1489374.4666307643
29,1.450204057904239,113.0,5761507.85634864
29,1.475026926213268,114.0,5757767.5889789
29,1.4998614132986046,115.0,5751783.161187314
29,1.6200425357716703,117.0,5706899.952750426
29,1.6450163493455927,120.0,5680718.08116224
29,1.66999608470493,124.0,5677725.867266448
29,1.6949773012177272,126.0,5676977.8137925
29,1.7199629628894204,127.0,5674733.653370655
29,1.744953072269705,126.0,5672489.492948811
29,1.7699773657209636,125.0,5655284.263048003
29,1.7950539687677856,126.0,5629102.391459818
29,6.567914943580328,401.0,1796076.3909495051
29,6.8216936855054415,403.0,1482641.985365231
29,6.867823794495171,402.0,1452719.846407305
29,1.36550238365073,113.0,5791429.995306567
29,1.3903078565887377,113.0,5766744.230666278
29,1.4151147776409907,113.0,5765996.177192329
29,1.5350226857363891,118.0,5735325.984760455
29,1.5598950552256703,118.0,5732333.770864663
29,1.5848025588792118,118.0,5714380.487489907
29,6.508626565514923,400.0,1827494.6368553275
29,6.9332187153447284,402.0,1444491.2581938754
29,1.2068162293659037,101.0,5867731.449649278
29,1.231539607337337,106.0,5809383.278681323
29,1.256264418035892,107.0,5808635.225207374
29,1.2810050064107221,109.0,5800406.636993945
29,1.3057470307290446,109.0,5799658.583519996
29,1.3304948015080014,110.0,5796666.369624204
29,2.9223803073017804,182.0,1517800.4986407931
29,2.967659836602174,184.0,1514060.2312710525
29,3.0130810159506716,186.0,1503587.4826357784
29,6.467022950197958,400.0,1828242.6903292756
29,6.999279715745731,403.0,1412324.958814105
29,7.046032397006796,407.0,1410080.7983922607
29,7.092796243680001,407.0,1409332.7449183126
29,7.139616046587696,406.0,1405592.477548572
29,7.186537116798074,406.0,1398859.9962830388
29,7.233617126629181,407.0,1388387.2476477646
29,7.280754322544844,407.0,1384646.980278024
29,7.422898836787837,409.0,1058495.6656366312
29,1.1474060273431477,97.0,5908126.3372424785
29,1.1720142353169212,98.0,5869975.610071123
29,2.5914896320480993,174.0,1600086.3807750891
29,2.635712891335805,174.0,1595598.0599314002
29,2.680076815282655,175.0,1584377.257822178
29,2.724592382542812,177.0,1572408.4022390076
29,2.7691748211219913,180.0,1567172.0279213707
29,2.81376683919654,180.0,1566423.9744474227
29,2.858426099973283,180.0,1561187.6001297857
29,3.077465361315541,188.0,1495358.8944223488
29,3.1230810845739465,189.0,1489374.4666307636
29,3.168800284127717,191.0,1481893.931891282
29,3.21469714307498,193.0,1469177.0228341636
29,3.2611406382408252,195.0,1431026.2956628082
29,3.3075950625738693,196.0,1430278.2421888602
29,3.354082324199927,196.0,1428034.0817670159
29,3.4005915189540907,198.0,1426537.9748191196
29,3.447133676013592,199.0,1424293.8143972752
29,6.425426995983243,398.0,1842455.7063342903
29,7.347683631751117,407.0,1371930.0712209055
29,0.45258407868768286,63.0,6366683.116772693
29,0.4764024471905904,67.0,6311327.15970053
29,0.5002220861909433,69.0,6310579.106226581
29,1.1127113116152305,96.0,5911118.551138271
29,2.2842467191392406,162.0,1744460.7012470819
29,2.4057951782117133,169.0,1698081.3858622967
29,2.529036936396212,172.0,1602330.5411969335
29,3.5134960411932976,203.0,1398111.94280909
29,6.36681492642487,397.0,1846944.027177979
29,0.42885912537477733,63.0,6368927.277194537
29,0.5339264381559222,73.0,6300854.411065255
29,0.5577638870808792,74.0,6300106.357591307
29,0.5816026097858785,74.0,6299358.304117358
29,0.6054464298051784,75.0,6296366.090221566
29,0.6293196276949862,76.0,6279160.860320759
29,0.6531966660864041,77.0,6276916.699898914
29,0.677078828244796,78.0,6273924.486003122
29,0.7009674000969123,78.0,6270184.218633382
29,0.724871377858957,78.0,6261207.576946004
29,1.053842959480635,97.0,6107856.614786634
29,1.0780245001120692,97.0,6102620.2404689975
29,2.181773629967078,161.0,1754185.3964084077
29,2.224175257950826,161.0,1751941.2359865634
29,2.344990862413552,167.0,1701821.6532320373
29,2.4666236168579694,169.0,1696585.2789144004
29,3.579986629219221,205.0,1392127.5150175048
29,3.6274248444564776,208.0,1365197.5899553713
29,6.308266995578084,394.0,1849936.2410737716
29,0.37163119202632267,60.0,6406329.9508919455
29,0.39531736121093086,62.0,6389872.774465086
29,0.7587885530470675,78.0,6213332.154613323
29,0.782814328583439,80.0,6190890.550394878
29,0.8068453314706993,84.0,6187898.336499086
29,0.8308802572770274,87.0,6185654.176077241
29,0.854919108066662,88.0,6183410.0156553965
29,0.87896712518859,90.0,6178173.64133776
29,0.9030743388963711,90.0,6144511.235010093
29,0.9954952416476238,93.0,6119077.416895856
29,1.0196634554435426,96.0,6110100.775208479
29,2.1218522563402127,159.0,1759421.7707260447
29,3.6946352203582937,211.0,1359213.1621637861
29,6.249761698451865,394.0,1867141.470974579
29,0.3381776932829138,58.0,6407826.057839842
29,0.9372049783445878,88.0,6127306.005109286
29,0.9613439562053461,89.0,6126557.951635337
29,2.0620112003365274,156.0,1778123.1075747483
29,3.761995944908359,212.0,1352480.6808982529
29,3.8106271554521767,212.0,1291888.3495084527
29,3.859334588312917,214.0,1287400.0286647638
29,6.208557964838026,397.0,1885842.8078232827
29,0.3047277096086464,51.0,6414558.539105375
29,2.0024541871026416,155.0,1790091.9631579188
29,3.928478744275384,221.0,1276179.2265555416
29,5.047045150494469,251.0,1059243.7191105795
29,6.167538607520566,393.0,1888086.968245127
29,0.28108260311833333,43.0,6423535.180792753
29,1.9430766981825458,153.0,1792336.123579763
29,3.9977142869417484,222.0,1272438.959185801
29,4.551779712392011,243.0,1113103.5692348457
29,4.603861168066712,245.0,1109363.301865105
29,4.655958435015139,245.0,1108615.248391157
29,4.708150895530886,246.0,1104126.927547468
29,4.760583814408196,247.0,1092906.125438246
29,4.813260798254594,252.0,1081685.3233290238
29,4.865954183577171,252.0,1080937.2698550757
29,4.918845679042663,253.0,1071960.628167698
29,4.9718538532388425,252.0,1066724.253850061
29,6.085572990804524,390.0,1893323.342562764
29,6.12654119720939,391.0,1891079.1821409196
29,0.24766945596467949,36.0,6437748.196797768
29,1.8837326763863145,151.0,1817769.9416940003
29,4.067152258335559,223.0,1264210.3709723714
29,4.118149146439733,224.0,1162475.0985154232
29,4.169220044430218,226.0,1158734.8311456826
29,4.220350400190091,228.0,1155742.61724989
29,4.271495655278602,228.0,1154994.563775942
29,4.322926682981612,231.0,1140781.5477709272
29,4.374602395595189,234.0,1128812.6921877568
29,4.4264018661353,239.0,1122828.2643961716
29,4.478247992758568,241.0,1120584.1039743272
29,6.027674855567611,391.0,1983837.81291049
29,0.22406271533419997,31.0,6442984.571115404
29,1.8420290511618593,151.0,1862653.1501308891
29,5.579993472289916,375.0,2222466.8710999484
29,5.618125115278419,376.0,2217978.5502562597
29,5.656777268668398,376.0,2152149.844548823
29,5.695526545001195,380.0,2140180.988965653
29,5.7343002252059625,384.0,2137188.7750698603
29,5.773080014120932,385.0,2136440.7215959122
29,5.811994984261104,385.0,2119983.545169053
29,5.851121891263249,384.0,2094549.727054816
29,5.8910009135364785,384.0,2007775.5240768306
29,5.930946978218055,386.0,2000294.989337349
29,5.970980743507663,388.0,1990570.2941760232
29,0.16710305164374395,28.0,6477395.030917019
29,0.19069499472865042,29.0,6446724.838485145
29,1.78370383789463,151.0,1871629.791818267
29,5.338138458883502,371.0,2357116.4964106153
29,5.375611759471266,373.0,2305500.806708193
29,5.413123423339718,374.0,2300264.4323905557
29,5.450679086312452,375.0,2294280.0045989705
29,5.4882955205084825,374.0,2286051.4163855407
29,5.52612435634115,374.0,2257625.384375511
29,0.13381521597430704,26.0,6478891.137864915
29,1.7255046728264358,148.0,1883598.6474014374
29,5.137586093729633,369.0,2398259.437477763
29,5.17457190078674,370.0,2373573.672837474
29,5.21158922337975,370.0,2369085.3519937852
29,5.248627604468934,371.0,2366093.1380979926
29,5.285676529292637,371.0,2364597.0311500966
29,0.11027605305044456,20.0,6482631.405234655
29,1.6844633306002985,147.0,1888835.0217190743
29,5.1007720902441545,369.0,2399007.490951711
29,0.06331433336287728,14.0,30560228.57120373
29,0.07502776445521826,14.0,30554244.143412147
29,0.08674300269553353,17.0,30543771.394776873
29,0.09978608119736226,20.0,24060391.93606827
29,0.21499362939329314,32.0,24011020.40678769
29,0.22805554740334452,30.0,23983342.42825161
29,0.24111929916549749,34.0,23975861.893512126
29,1.6265033248931209,145.0,1897063.609932504
29,5.063963252871042,363.0,2428929.629909637
29,0.01167977643277252,19.0,30750234.15358656
29,0.02335980859254033,17.0,30748738.046638664
29,0.03504124757334849,18.0,30740509.458425235
29,0.046753001403744124,19.0,30563968.83857347
29,0.11823080070137745,21.0,24055155.56175063
29,0.131276252178438,21.0,24050667.240906943
29,0.14432627098210782,26.0,24031965.90405824
29,0.15737647258603266,28.0,24031217.85058429
29,0.1704270398152214,27.0,24029721.743636396
29,0.1834794356659715,28.0,24022241.208896913
29,0.1965336609641479,31.0,24014760.67415743
29,0.2595919628830452,38.0,23974365.78656423
29,1.5686565861499648,143.0,1901551.9307761928
29,4.9757621655759,362.0,2455111.5014978223
29,5.012205071061782,362.0,2452867.341075978
29,0.2780731923596289,39.0,23949680.021923944
29,0.2911446549492513,36.0,23944443.647606306
29,0.30421850719739224,36.0,23934718.952444978
29,0.3172967748236162,37.0,23916765.66907022
29,1.5108713295854619,140.0,1921001.3210988445
29,4.924253098729343,359.0,2462592.0362373036
29,0.3357949137507401,34.0,23901056.546117313
29,0.5912133281972158,72.0,23690853.51993788
29,0.6043485031178275,72.0,23687113.25256814
29,0.6174855451416772,72.0,23679632.717828657
29,0.6306238946467455,72.0,23674396.34351102
29,0.6437684136446533,75.0,23649710.578870732
29,1.4701915235525245,140.0,1923245.4815206889
29,4.872814501121454,360.0,2473812.8383465256
29,0.35429461606479884,38.0,23896568.225273624
29,0.3673789626891476,40.0,23892079.904429935
29,0.3804660755060307,44.0,23880859.102320712
29,0.3935541108059324,46.0,23877118.834950972
29,0.40664916383079613,50.0,23848692.802940942
29,0.4197501359328152,53.0,23824755.0917746
29,0.43285129314493664,52.0,23824007.038300652
29,0.445953005737936,52.0,23821762.877878807
29,0.45905731111181536,53.0,23811290.129243534
29,0.5726415104481516,66.0,23695341.84078157
29,0.6623566156791967,76.0,23644474.204553094
29,0.6755028188868687,76.0,23642978.0976052
29,0.6886834192312703,78.0,23506084.311872687
29,1.4127004912077203,139.0,1939702.657947548
29,4.821481027386029,360.0,2476805.052242318
29,0.47759072956897086,50.0,23800069.32713431
29,0.49070858128202977,52.0,23756682.22564532
29,0.540943560757895,59.0,23721523.712369755
29,0.5540712758068083,61.0,23717035.391526066
29,0.7073221227749769,80.0,23502344.044502947
29,0.7205057443258231,77.0,23494115.45628952
29,0.7336920112636068,75.0,23483642.707654245
29,0.7468917204755707,74.0,23430530.911003925
29,0.7600937059864377,74.0,23421554.269316547
29,0.7732981589157506,75.0,23411829.57415522
29,0.7865060307250669,80.0,23398364.61162415
29,1.372197649036293,137.0,1951671.5135307184
29,4.770175469980915,359.0,2525428.528048948
29,0.5092611673736138,53.0,23745461.423536096
29,0.5223825522532508,56.0,23742469.2096403
29,0.8051862620034164,78.0,23386395.756040983
29,1.315084947172471,131.0,1956159.8343744073
29,4.734207532461897,359.0,2526176.581522896
29,0.8238686447487206,76.0,23380411.3282494
29,1.2747357990296786,125.0,1957655.9413223036
29,4.698244388218015,355.0,2530664.9023665846
29,0.8425521035269626,73.0,23377419.114353605
29,0.8557677734456031,78.0,23367694.419192277
29,0.8689889680668237,78.0,23346000.86844778
29,0.8822158857363528,78.0,23323559.264229335
29,1.234400530087612,119.0,1959900.101744148
29,4.662309960466002,349.0,2534405.1697363253
29,0.9009246889197173,75.0,23307102.087802477
29,0.9141561907799318,75.0,23305605.980854582
29,0.9273884571697727,77.0,23302613.766958788
29,0.9406245483440555,80.0,23287652.697479825
29,0.9538650424275651,83.0,23270447.46757902
29,1.177395856847102,110.0,1960648.155218096
29,4.626399406769771,346.0,2543381.811423703
29,0.9725995725350237,83.0,23236037.007777404
29,1.1204009717771197,93.0,1961396.208692044
29,4.575702608915111,343.0,2753584.8376031327
29,0.99134360976106,83.0,23209855.13618922
29,1.0046013780973255,84.0,23203122.654923685
29,1.0801003336491086,86.0,1979349.4920667994
29,4.493012298068639,341.0,2925637.136611207
29,4.526785427660572,343.0,2904691.6393406587
29,1.0233484064871732,84.0,23201626.54797579
29,1.0371509192684176,86.0,21217040.681591354
29,4.411801227892575,338.0,2937605.992194377
29,4.445411248962032,339.0,2936109.885246481
29,1.0566682916682417,85.0,21215544.57464346
29,1.0704870402120243,85.0,21161684.724519193
29,4.364287551429845,336.0,2941346.2595641175
29,1.0901400067885536,83.0,20891637.42042391
29,4.2165511576431465,328.0,2980993.093683369
29,4.249943821609569,332.0,2978748.9332615244
29,4.283340259919348,332.0,2978000.8797875764
29,4.316801073131158,334.0,2965283.970730458
29,1.1097945568982825,83.0,20887897.15305417
29,4.16934992990577,322.0,3017647.7139068283
29,1.1294503741306308,82.0,20884904.939158376
29,4.089231497129229,317.0,3028868.5160160502
29,4.12240757318002,320.0,3022136.034750517
29,1.149114434081204,85.0,20865455.548835725
29,1.1630244909655574,87.0,20854234.7467265
29,4.042367476865728,314.0,3032608.783385791
29,1.1826955342304186,87.0,20848998.372408863
29,1.1966080616824262,86.0,20846006.15851307
29,1.985192987577853,136.0,16612023.495966533
29,2.0006048598480506,138.0,16605291.014701
29,2.0160970718280278,140.0,16414537.378844222
29,2.0315911904418473,143.0,16410049.058000533
29,2.0470872164458123,146.0,16405560.737156844
29,3.9955294753076984,310.0,3066271.1897134576
29,1.216284506621441,87.0,20836281.46335174
29,1.9634045750158922,136.0,16616511.816810222
29,2.069001295335212,146.0,16401072.416313155
29,2.0844998657033837,144.0,16399576.309365258
29,3.9625691439609114,306.0,3077491.9918226795
29,1.2302078313030007,86.0,20810099.591763556
29,1.3510478870135798,98.0,20635055.078859683
29,1.365037939207871,100.0,20590171.870422795
29,1.379028677616985,99.0,20587927.71000095
29,1.895420010655496,134.0,16658402.811351318
29,1.9108172211725565,138.0,16640449.527976563
29,1.9262147431740209,138.0,16639701.474502616
29,1.9416188110418922,137.0,16623992.351549704
29,2.1064400817326976,143.0,16357685.314824162
29,2.1219587361244843,146.0,16352448.940506525
29,2.137524581342483,150.0,16242485.079836147
29,2.1530920398336355,153.0,16238744.812466405
29,2.1686598210440753,155.0,16237996.758992458
29,2.184228893347269,154.0,16235004.545096666
29,2.199808953887352,154.0,16209570.726982428
29,3.929662946239529,306.0,3078240.0452966276
29,1.2499056118282796,86.0,20786161.880597215
29,1.3312853272203515,99.0,20638047.292755477
29,1.3988151408351053,107.0,20579699.121787522
29,1.4128093119459402,110.0,20576706.907891728
29,1.426825056624885,109.0,20506389.8813406
29,1.440842872484686,113.0,20499657.400075067
29,1.4548636817920586,117.0,20489932.70491374
29,1.4688854125746993,117.0,20486940.491017945
29,1.482909447899532,117.0,20479459.956278462
29,1.8736589169138773,134.0,16667379.453038696
29,2.221849231931191,155.0,16193113.550555568
29,2.2374461464540016,155.0,16170671.946337124
29,2.2530789081070535,155.0,16088386.064202828
29,2.268713632702193,155.0,16083897.74335914
29,2.2843519580881977,156.0,16075669.15514571
29,3.896760347249297,291.0,3087216.6869840054
29,1.2696043494228844,87.0,20783917.72017537
29,1.2835768257992013,89.0,20647771.987916805
29,1.2975499856161967,90.0,20645527.82749496
29,1.3115240568550128,94.0,20642535.613599166
29,1.5027466088976584,111.0,20463002.779851604
29,1.5167761801071258,115.0,20461506.67290371
29,1.5308405108699694,119.0,20349298.651811488
29,1.6128924615480764,114.0,20262524.448833503
29,1.6269840982756403,115.0,20261776.395359553
29,1.6410764374043456,116.0,20259532.23493771
29,1.6551704159078722,116.0,20254295.86062007
29,1.6692815274511525,117.0,20199687.957021855
29,1.6833940501761508,116.0,20195199.636178166
29,1.6975086905266248,115.0,20188467.154912632
29,1.8582729063309782,134.0,16669623.61346054
29,2.3064659394358,156.0,16073424.994723866
29,2.3221072129118396,156.0,16068936.673880177
29,3.863900834355193,286.0,3090956.954353746
29,1.5507294487402221,120.0,20344810.3309678
29,1.564796106686137,120.0,20341818.117072005
29,1.5788776880441329,116.0,20293942.694739323
29,1.5929672182449273,119.0,20268508.876625087
29,1.7174691219008331,118.0,20183230.780594993
29,1.836518405417514,133.0,16671867.773882385
29,2.34434314657424,160.0,15878183.0380234
29,2.3600707015305815,164.0,15873694.71717971
29,2.3757999243966754,168.0,15869954.449809968
29,2.3915294809131202,168.0,15869206.39633602
29,3.8174627922590667,281.0,3096193.3286713827
29,1.7315863518512242,121.0,20180238.5666992
29,1.7469475673737598,124.0,16727223.73095455
29,1.8057659280266865,131.0,16711514.608001638
29,1.8211342589394541,129.0,16710018.501053741
29,2.413797071580353,166.0,15828063.455268871
29,3.739078561226266,273.0,3284702.8041063165
29,3.7710601084439594,277.0,3278718.3763147313
29,1.7757922913781734,125.0,3448526.514900961
29,1.7686692004104745,126.0,16725727.624006653
29,1.7840359835958648,131.0,16713758.768423483
29,2.4295466889481006,167.0,15824323.18789913
29,3.4147895286574634,246.0,3622074.9208569303
29,3.445643280199749,250.0,3551009.8408318562
29,3.476514596845516,252.0,3546521.5199881676
29,3.507391775690291,252.0,3545025.4130402715
29,3.5383958659466948,253.0,3512859.1136605013
29,3.5694088733491327,258.0,3510614.9532386567
29,3.6004248549705524,261.0,3509866.8997647087
29,3.6314467877882706,262.0,3508370.7928168126
29,3.662645953495298,264.0,3464235.637853872
29,3.6938937476328686,267.0,3452266.7822707016
29,7.872791097397823,455.0,1001643.6016165718
29,1.8070706026049117,129.0,3444786.2475312203
29,2.44529898732998,168.0,15818338.760107545
29,3.3842096696358355,246.0,3643020.4181274786
29,7.795683924176758,455.0,1011368.2967778977
29,1.8383642084350633,136.0,3441045.9801614797
29,2.467625552249352,170.0,15735304.824499302
29,3.341081799696516,246.0,3646760.685497219
29,7.741389263786865,455.0,1015108.5641476385
29,1.8826263593884918,148.0,3438801.8197396356
29,2.4899568951189868,171.0,15727824.28975982
29,2.5057590590589602,174.0,15707626.845963221
29,2.521562577786249,175.0,15704634.632067429
29,3.2979738405451937,242.0,3648256.7924451153
29,7.6871847190974165,455.0,1018848.8315173793
29,1.9139783052771344,153.0,3426832.964156465
29,2.543925057851401,176.0,15679200.813953191
29,3.2244294215613034,226.0,3664713.9688719744
29,3.2548738374200115,232.0,3657981.487606441
29,7.610666237537735,452.0,1021841.0454131719
29,1.945333331412202,153.0,3426084.910682517
29,1.9770460306532507,154.0,3340806.814652428
29,2.5597656392092283,176.0,15623096.80340708
29,2.999962488311042,204.0,3756724.5461675967
29,3.0301063730612494,208.0,3739519.316266789
29,3.0602584018319874,209.0,3737275.1558449445
29,3.0905004853456894,211.0,3712589.3912046556
29,3.1207837903931983,216.0,3701368.5890954332
29,3.151091915441308,221.0,3694636.1078299
29,3.1814166236200694,223.0,3690147.7869862113
29,7.556622693961257,448.0,1025581.3127829126
29,2.022129338580306,165.0,3301159.9805331766
29,2.5756113428860905,178.0,15611876.001297858
29,2.95742699020675,204.0,3765701.1878549745
29,7.502667932409666,448.0,1032313.794048446
29,2.067217244472954,169.0,3300411.9270592285
29,2.591458413416358,180.0,15608883.787402065
29,2.927377598347364,204.0,3767197.2948028706
29,7.4266002030263305,443.0,1125820.4782919646
29,2.1123281628808557,171.0,3296671.659689488
29,2.144250782010523,176.0,3292183.338845799
29,2.607305825719343,179.0,15608135.733928118
29,2.884895352585706,202.0,3789638.899021315
29,7.353443417135397,441.0,1136293.2269272387
29,2.189449494426554,183.0,3282458.6436844734
29,2.6231559730593785,176.0,15602151.306136534
29,2.842526499471085,196.0,3792631.1129171075
29,7.2805908191939706,439.0,1142277.654718824
29,2.2348630622888304,195.0,3248048.1838828586
29,2.639012279798176,176.0,15588686.343605466
29,2.8001726918177594,190.0,3795623.3268129
29,7.207910224028613,435.0,1154994.5637759424
29,2.2803096149879494,206.0,3242811.8095652214
29,2.6614651255162527,177.0,15539314.814324887
29,2.738340630666873,185.0,15402421.028592376
29,2.754283987018675,183.0,15400176.868170531
29,2.770230132133204,186.0,15394192.440378947
29,7.135590833333457,435.0,1163223.151989372
29,2.3257797756066383,217.0,3239071.542195481
29,2.683918457641359,179.0,15538566.76085094
29,2.6998576337940783,181.0,15409153.50985791
29,2.7157982029540735,184.0,15406161.295962118
29,2.795856437520542,192.0,11583608.044087084
29,7.084608705781972,434.0,1165467.3124112163
29,2.3712641199593727,218.0,3236827.381773636
29,2.4034513580385695,218.0,3232339.0609299475
29,2.821488702821896,196.0,11577623.6162955
29,2.839618297541657,196.0,11574631.402399708
29,7.033670777430435,431.0,1190153.0770515052
29,2.435766792470554,219.0,3203913.028919918
29,2.865261003448576,197.0,11567150.867660226
29,2.883403795167734,199.0,11555930.065551003
29,6.983211032442017,431.0,1199129.718738883
29,2.481475226814975,219.0,3201668.8684980734
29,2.909065179146937,200.0,11548449.530811522
29,6.912101805608344,426.0,1255233.7292849943
29,2.5138417199966425,219.0,3192692.2268106956
29,2.9347407878184755,197.0,11534236.514806507
29,6.842440812556924,424.0,1267950.6383421128
29,2.546290450713255,221.0,3174738.9434359404
29,2.9529281492670565,197.0,11493093.57373936
29,6.77309509034826,423.0,1269446.745290009
29,2.578742622623021,222.0,3173990.8899619924
29,2.971119773878143,197.0,11487109.145947775
29,6.703786157408808,417.0,1272438.9591858017
29,2.6112881535857158,222.0,3153793.446165392
29,2.989327414074909,198.0,11464667.541729331
29,6.65482184152029,414.0,1282911.7078210758
29,2.643878944998276,223.0,3144068.7510040663
29,3.007541473239839,199.0,11455690.900041953
29,6.5858412068765,412.0,1299368.8842479351
29,2.676476717575576,223.0,3142572.6440561702
29,3.033298423615809,200.0,11453446.739620108
29,6.517255104504339,412.0,1309093.579409261
29,2.7236619636568067,226.0,2983237.254105215
29,3.0515199808011144,201.0,11445218.15140668
29,6.448898745853706,410.0,1310589.6863571573
29,2.7708525350192947,228.0,2982489.200631267
29,3.0697614021630173,201.0,11417540.172870597
29,5.15246416882511,372.0,1000147.4946686758
29,6.4005810421387705,406.0,1312085.7933050536
29,2.804279217646407,230.0,2972016.451995993
29,3.0880162848374586,201.0,11398838.836021893
29,3.5532426390550103,228.0,10845279.265300263
29,3.572005126033736,230.0,10724842.65599461
29,5.0753051123352275,370.0,1003887.7620384166
29,6.352288138638899,403.0,1322558.5419403277
29,2.8377096870222327,230.0,2971268.398522045
29,3.1138370783806812,198.0,11390610.247808464
29,3.5268454672675174,231.0,10848271.479196055
29,3.59079358259503,233.0,10691928.303140892
29,4.998275553682344,367.0,1007628.0294081573
29,6.284245832538969,403.0,2054154.8394616176
29,2.8850179067669535,232.0,2966032.0242044083
29,3.1397191515259726,200.0,11330765.969892612
29,3.42583511147823,218.0,10909611.864059802
29,3.444486192477481,221.0,10867720.869518707
29,3.4631395847824007,224.0,10864728.655622914
29,3.4817947111723737,226.0,10862484.49520107
29,3.5004515721669516,227.0,10860240.334779225
29,3.6173679914816494,238.0,10685195.821875358
29,4.078604027415846,267.0,9883282.497802945
29,4.098178356174766,269.0,9761349.781549396
29,4.117753359999773,269.0,9760601.728075448
29,4.1373303894732345,270.0,9758357.567653604
29,4.921374795152922,364.0,1009872.1898300018
29,6.228433419204274,404.0,2060139.2672532029
29,2.9323529968548487,231.0,2962291.7568346676
29,3.1580260247220155,203.0,11327025.70252287
29,3.362286531406795,212.0,10941030.109965624
29,3.380891579205718,213.0,10927565.147434557
29,3.3995081009794306,214.0,10912604.077955594
29,3.6439449123337986,242.0,10682951.661453513
29,3.6627469900867466,241.0,10674723.073240085
29,4.051080113719436,264.0,9887770.818646634
29,4.165036215240734,273.0,9739656.2308049
29,4.18463557151991,273.0,9733671.803013315
29,4.204255976384275,275.0,9710482.145320922
29,4.223877741724496,279.0,9708986.038373025
29,4.243654529197667,283.0,9540674.006734692
29,4.263434806589548,285.0,9536933.73936495
29,4.844550984430971,356.0,1053259.2913189945
29,6.18901376039037,403.0,2063879.5346229435
29,2.9661457145376384,230.0,2900951.3719709194
29,3.183916560517085,211.0,11322537.381679181
29,3.343691790726879,212.0,10975440.569767239
29,3.6893415161470395,240.0,10667242.538500603
29,4.004108459434006,258.0,9906472.155495338
29,4.02356182294978,260.0,9896747.460334012
29,4.291406093505514,287.0,9535437.632417053
29,4.55647898617357,320.0,1070464.5212198014
29,4.609571012019145,328.0,1062983.98648032
29,4.662713554493745,335.0,1060739.8260584758
29,4.7159236940478575,342.0,1057747.6121626832
29,4.769167736212126,348.0,1056251.5052147869
29,6.149626264851646,403.0,2066123.6950447878
29,3.014321900968993,228.0,2848587.628794549
29,3.2098094058554074,212.0,11320293.221257336
29,3.317435954883651,211.0,10976936.676715136
29,3.715962941602125,246.0,10643304.827334264
29,3.984663691622642,259.0,9907220.208969286
29,4.319391215798492,285.0,9524964.88378178
29,4.339290632376256,288.0,9410512.702267712
29,4.481643392811407,315.0,1084677.5372248162
29,6.110258026738891,402.0,2071360.0693624248
29,3.0625037815737377,231.0,2847839.575320601
29,3.235813115427547,212.0,11213321.574482752
29,3.254223755270063,211.0,11185643.59594667
29,3.2726393837867085,210.0,11178911.114681136
29,3.291181729449174,210.0,11009851.029568855
29,3.7347947407634225,251.0,10637320.39954268
29,3.9652195845125173,256.0,9912456.583286922
29,4.3674354558881365,297.0,9405276.327950075
29,4.38734128220067,302.0,9403780.221002178
29,4.407250672352882,308.0,9400039.953632437
29,4.428290267178271,312.0,8314614.362933673
29,6.054654708264742,401.0,2090809.4596850767
29,3.110708460577962,235.0,2844847.3614248084
29,3.753627135898117,251.0,10636572.346068732
29,3.9377321538169583,255.0,9915448.797182715
29,4.458047483808398,316.0,8310126.042089984
29,4.4790973083071135,324.0,8305637.721246295
29,6.01549631923338,402.0,2125967.9729606397
29,3.1592535062077727,235.0,2800712.206461868
29,3.780272170385437,252.0,10622359.330063717
29,3.7991362393444006,253.0,10596925.51194948
29,3.910248456164168,256.0,9918441.011078507
29,4.508871415920053,325.0,8299653.293454709
29,4.529939180978431,325.0,8289928.598293384
29,5.9605403073776175,402.0,2127464.079908536
29,3.193626565806935,234.0,2793231.6717223865
29,3.8258117276760153,254.0,10595429.405001583
29,3.890814250900282,256.0,9919189.064552454
29,4.559742316581412,325.0,8281700.010079954
29,5.921686971204858,397.0,2128960.186856432
29,3.2280744509789447,231.0,2779766.70919132
29,3.852501636032489,253.0,10582712.495944463
29,3.8713807051819273,254.0,10578224.175100774
29,4.589558787192758,328.0,8273471.421866525
29,4.610770124245758,331.0,8165751.721617991
29,5.882845924126514,394.0,2132700.4542261725
29,3.2626566656616736,230.0,2755828.998024979
29,4.640802604608097,328.0,8141814.01045165
29,5.8279680481466105,391.0,2150653.737600928
29,3.2972600222097226,230.0,2752088.7306552385
29,4.670843780895423,330.0,8136577.6361340135
29,5.789303797266006,387.0,2178331.7161370097
29,3.337755837314226,232.0,1940450.7114214967
29,4.70089241729391,333.0,8132089.315290324
29,4.7221573106814345,336.0,8120120.459707154
29,4.743426613280768,340.0,8116380.192337413
29,4.764696798076025,339.0,8115632.138863465
29,4.785972278523987,338.0,8111143.818019776
29,5.734946240898895,382.0,2191048.625194128
29,3.3950467453688287,235.0,1938206.5509996524
29,3.4356130084674588,236.0,1932970.1766820154
29,4.816184031092313,339.0,8034842.363677065
29,5.69660440404205,382.0,2191796.678668076
29,3.4930237210943527,239.0,1929229.909312275
29,4.846414788971045,339.0,8023621.561567843
29,4.950894403300336,344.0,7808182.161070775
29,4.972556159984674,343.0,7793221.091591813
29,4.994678621116824,344.0,7437147.637992494
29,5.016804086861501,345.0,7434903.477570649
29,5.65826845641601,376.0,2210498.01551678
29,3.550484591129684,240.0,1925489.6419425344
29,3.5911501482662023,241.0,1922497.4280467418
29,4.877011494486648,339.0,7811922.428440517
29,4.8986508325713665,341.0,7811174.374966568
29,4.9202911032722785,342.0,7810426.32149262
29,5.048097998049645,349.0,7430415.15672696
29,5.070239510632451,349.0,7422934.621987479
29,5.09238403617458,349.0,7420690.461565634
29,5.511559696592671,364.0,6715276.03563253
29,5.534726957075599,366.0,6712283.821736738
29,5.557902355101323,370.0,6707047.447419101
29,5.581083571299867,371.0,6703307.180049361
29,5.604268280662092,372.0,6701063.019627516
29,3.6491515195130915,245.0,1885842.8078232824
29,3.6902295877821882,247.0,1879858.3800316972
29,5.123712032478335,348.0,7412461.873352204
29,5.478807759562267,361.0,6756418.976699678
29,5.632087476568876,375.0,4469619.506840188
29,3.7484392233602457,248.0,1870881.7383443194
29,5.155051417100167,346.0,7406477.445560619
29,5.4557087231109955,361.0,6757167.030173627
29,5.6714297461588945,384.0,4468123.399892292
29,3.8069445204864647,249.0,1849936.2410737714
29,5.187502491693375,346.0,6854413.981786885
29,5.432610837427229,358.0,6762403.404491263
29,5.7107779452048995,386.0,4466627.292944396
29,3.851517386198181,250.0,1567920.0813953192
29,5.219955160102921,347.0,6853665.928312937
29,5.409521001946942,355.0,6767639.7788089
29,5.738611819767631,385.0,4464383.132522551
29,3.8962248780303943,251.0,1557447.332760045
29,5.252411016901991,348.0,6852169.821365041
29,5.275371008434744,351.0,6847681.500521352
29,5.386439207636535,353.0,6772128.099652589
29,5.77809119983067,382.0,4433712.940090677
29,6.869112683433344,428.0,1012116.350251846
29,3.9409613891898667,251.0,1555203.1723382007
29,5.307854007361347,352.0,6839452.912307923
29,5.3308309493317845,352.0,6836460.698412131
29,5.353811286231192,352.0,6834216.537990286
29,5.817618632717622,386.0,4421744.084507506
29,6.8148360848062355,424.0,1015856.6176215868
29,3.986805764570915,252.0,1472917.2902039043
29,5.857152085469009,386.0,4420247.97755961
29,6.738216261663123,422.0,1024833.2593089646
29,4.032776426868625,254.0,1463940.6485165264
29,5.896739850276214,386.0,4406783.015028543
29,6.684243781300667,416.0,1026329.3662568609
29,4.078768246180445,256.0,1462444.5415686301
29,5.936550371993752,388.0,4352175.111430328
29,6.6303067198300365,410.0,1031565.740574498
29,4.124813095606199,255.0,1458704.2741988895
29,5.976373216619123,389.0,4349182.897534536
29,6.402421421745708,400.0,3695384.161303855
29,6.432743364038912,404.0,3690895.8404601663
29,6.463084684620694,406.0,3685659.466142529
29,6.493445423452992,406.0,3680423.091824892
29,6.523822838412142,407.0,3675934.7709812033
29,6.554214172713169,407.0,3672194.5036114627
29,6.589494327130576,410.0,2636140.4421932762
29,6.624783495512201,410.0,2634644.33524538
29,4.190238518610645,255.0,1442995.1512459784
29,6.016590638526448,390.0,4254928.15981707
29,6.0450374469041845,390.0,4253432.052869174
29,6.073495519114763,388.0,4249691.785499433
29,6.359569637003316,400.0,3711093.284256766
29,6.67533336507918,412.0,2559838.9878505655
29,4.236769679872296,257.0,1425041.8678712228
29,6.1138151744817115,394.0,4230990.44865073
29,6.316799574049467,401.0,3759716.760063396
29,6.725903189564147,415.0,2557594.827428721
29,4.28333385366956,258.0,1422797.7074493784
29,6.1541540920247755,396.0,4226502.127807041
29,6.184157930333561,394.0,3778418.0969120995
29,6.214172467105374,396.0,3775425.883016307
29,6.24422185896476,399.0,3765701.187854981
29,6.274279312845374,403.0,3763457.0274331365
29,6.761671564222647,415.0,2556846.773954773
29,6.797482402033985,416.0,2550114.2926892396
29,4.34953705498104,259.0,1405592.477548571
29,6.848199342385875,418.0,2541137.651001862
29,4.396401778559637,259.0,1402600.2636527785
29,6.899071570156939,422.0,2523932.421101054
29,4.46442677329777,261.0,1323306.5954142746
29,6.936544870744703,420.0,2305500.806708195
29,4.532503744751473,263.0,1321062.4349924303
29,6.989633002461627,420.0,2295776.111546869
29,4.600895287256233,265.0,1307597.4724613635
29,4.649350129638804,266.0,1302361.0981437266
29,7.042791341137557,421.0,2289043.6302813357
29,4.717954007851053,268.0,1298620.830773986
29,4.767087658454457,269.0,1262714.264024475
29,7.0804244043773,422.0,2283807.2559636985
29,4.8369362769519695,271.0,1247753.1945455119
29,4.886535382893468,274.0,1236532.3924362897
29,4.936175049650142,275.0,1234288.2320144454
29,7.118146557691714,428.0,2271838.400380528
29,5.009309971950702,276.0,1126568.531765912
29,5.061486527942622,278.0,1104874.9810214157
29,7.155874301728019,428.0,2271090.34690658
29,5.135856172542343,283.0,1085425.590698764
29,7.193646867868941,428.0,2265105.919114995
29,5.210248893000867,284.0,1084677.537224816
29,7.247671731927201,427.0,2208253.8550949353
29,5.262925876847265,284.0,1081685.3233290233
29,5.31575106912941,285.0,1074952.84206349
29,7.301729570373305,431.0,2205261.641199143
29,5.3905396437176165,289.0,1071960.6281676975
29,7.355953259184723,431.0,2190300.57172018
29,7.39436007058686,431.0,2182820.036980699
29,5.465659364276786,290.0,1061487.8795324236
29,7.448793397092613,432.0,2171599.2348714764
29,7.501323504066206,437.0,1088417.8045945568
29,7.554264903286336,439.0,1069716.4677458531
29,7.607256358297552,442.0,1067472.3073240088
29,7.660500400461821,444.0,1056251.5052147866
29,7.713863652255907,446.0,1051015.1308971497
29,7.767244004307504,446.0,1050267.0774232016
29,7.501536085754552,436.0,1078693.1094332307
29,7.554377828723225,439.0,1074204.7885895418
29,7.607302576504104,440.0,1070464.5212198012
29,7.682398486906119,442.0,1062235.9330063716
29,7.735642529070388,446.0,1056251.5052147864
29,7.788903548662708,446.0,1055503.4517408384
29,7.843072181763764,446.0,1016604.6710955346
