CT-1,,CT-2,,CT-3,,CT-4,,CT-5,,CT-6,,CT-7,,CT-8.2,,CT-9,,CT-10,,CT-11,
Age,Error,Age,Error,Age,Error,Age,Error,Age,Error,Age,Error,Age,Error,Age,Error,Age,Error,Age,Error,Age,Error
3.72,0.2,3.95,0.19,138.5,1.95,0.25,0.075,1.9,0.15,0.06,0.015,4.1,0.2,1.72,0.09,1.79,0.065,3.77,0.15,1.9,0.11
3.74,0.165,3.98,0.21,150.6,3.2,0.28,0.085,1.9,0.05,0.16,0.05,5.8,0.35,1.8,0.05,1.88,0.1,3.8,0.1,3.78,0.125
3.81,0.11,4.25,0.175,157.4,2.55,0.29,0.085,2.0,0.15,0.18,0.055,5.9,0.35,1.81,0.1,1.9,0.09,3.83,0.095,3.82,0.125
3.86,0.145,4.43,0.215,159.0,2.75,0.29,0.09,5.6,0.3,0.27,0.04,6.0,0.3,1.86,0.095,1.9,0.075,3.88,0.225,3.84,0.125
3.94,0.175,4.71,0.21,160.6,1.9,0.35,0.105,5.7,0.3,0.29,0.09,6.1,0.25,3.83,0.175,1.95,0.105,3.94,0.215,3.87,0.2
3.95,0.235,4.84,0.215,160.8,2.25,0.37,0.11,5.8,0.35,0.3,0.09,6.1,0.25,3.84,0.15,3.76,0.2,4.12,0.165,3.91,0.225
3.97,0.155,4.85,0.235,161.1,3.8,0.38,0.115,6.0,0.25,0.32,0.095,6.1,0.25,3.86,0.085,3.82,0.075,4.21,0.18,3.94,0.07
3.98,0.09,4.86,0.21,161.3,2.2,0.38,0.115,6.0,0.25,0.34,0.105,6.1,0.15,3.88,0.1,3.87,0.14,4.21,0.17,3.96,0.235
3.99,0.175,4.92,0.265,161.5,3.7,0.39,0.115,6.0,0.25,0.35,0.105,6.1,0.3,3.88,0.125,3.94,0.19,4.33,0.17,4.0,0.185
4.0,0.19,4.97,0.205,161.9,1.9,0.41,0.125,6.0,0.3,0.35,0.105,6.1,0.1,4.02,0.16,4.07,0.17,4.35,0.115,4.13,0.14
4.03,0.235,4.98,0.2,162.1,2.7,0.49,0.145,6.1,0.5,0.35,0.105,6.2,0.35,4.04,0.165,4.07,0.13,4.4,0.225,4.23,0.14
4.04,0.135,4.99,0.155,162.3,3.85,0.5,0.15,6.1,0.25,0.37,0.11,6.2,0.2,4.12,0.195,4.12,0.12,4.4,0.12,4.3,0.195
4.06,0.22,4.99,0.165,163.0,2.5,0.6,0.18,6.1,0.4,0.38,0.115,6.2,0.35,4.15,0.115,4.29,0.2,4.43,0.205,4.3,0.205
4.17,0.205,5.0,0.16,163.5,3.4,0.63,0.19,6.1,0.15,0.4,0.12,6.2,0.35,4.16,0.23,4.31,0.15,4.56,0.12,4.31,0.105
4.18,0.25,5.01,0.16,163.6,3.55,0.72,0.215,6.1,0.2,0.41,0.125,6.3,0.2,4.17,0.1,4.31,0.24,4.65,0.225,4.34,0.195
4.21,0.195,5.01,0.235,163.8,2.85,0.81,0.24,6.1,0.5,0.47,0.14,6.3,0.1,4.17,0.19,4.4,0.125,4.8,0.24,4.43,0.25
4.23,0.18,5.02,0.255,164.3,4.1,0.83,0.25,6.2,0.35,0.47,0.14,6.3,0.15,4.38,0.22,4.64,0.225,4.88,0.085,4.56,0.075
4.29,0.215,5.05,0.25,164.4,2.05,0.91,0.275,6.2,0.3,0.64,0.19,6.3,0.3,4.39,0.08,4.8,0.155,4.98,0.22,4.57,0.16
4.3,0.23,5.05,0.25,164.4,4.3,1.14,0.34,6.2,0.35,0.67,0.085,6.3,0.35,4.49,0.15,4.97,0.23,5.02,0.1,4.83,0.11
4.41,0.195,5.06,0.285,164.5,3.05,1.22,0.145,6.2,0.35,0.72,0.215,6.3,0.25,4.54,0.175,5.05,0.18,5.03,0.23,4.84,0.14
4.56,0.18,5.08,0.23,164.6,3.75,1.38,0.415,6.3,0.25,0.72,0.215,6.4,0.2,4.58,0.255,5.09,0.2,5.05,0.1,4.88,0.105
4.57,0.21,5.09,0.215,164.6,3.85,1.61,0.485,6.3,0.3,0.72,0.215,6.4,0.35,4.62,0.21,5.16,0.155,5.08,0.125,4.94,0.205
4.66,0.135,5.12,0.16,164.6,2.55,1.84,0.12,6.3,0.25,0.77,0.23,6.4,0.15,4.83,0.25,5.78,0.17,5.12,0.115,5.02,0.12
4.66,0.275,5.15,0.12,164.7,4.25,1.85,0.175,6.3,0.15,0.8,0.24,6.4,0.25,4.92,0.275,5.9,0.17,5.21,0.265,5.07,0.16
4.73,0.235,5.15,0.24,164.7,2.85,2.91,0.87,6.3,0.15,0.81,0.245,6.4,0.25,4.96,0.285,6.33,0.235,6.08,0.115,5.07,0.225
4.81,0.26,5.16,0.165,164.9,3.8,3.72,0.125,6.4,0.4,0.83,0.25,6.4,0.2,5.07,0.27,6.34,0.12,6.37,0.22,5.09,0.12
5.04,0.23,5.16,0.19,165.4,3.25,3.8,0.175,6.4,0.3,0.9,0.27,6.4,0.3,5.12,0.145,6.38,0.18,6.38,0.325,5.11,0.12
5.07,0.25,5.17,0.16,166.2,3.7,3.89,0.165,6.4,0.45,0.9,0.14,6.4,0.25,5.14,0.095,6.41,0.255,6.39,0.14,5.19,0.245
5.11,0.28,5.19,0.175,166.3,4.1,3.91,0.235,6.5,0.45,0.97,0.29,6.4,0.25,5.14,0.12,6.42,0.275,6.45,0.17,5.2,0.13
5.14,0.23,5.2,0.235,166.4,2.1,3.92,0.095,6.5,0.45,1.07,0.32,6.4,0.35,5.19,0.13,6.46,0.18,6.47,0.135,5.21,0.19
5.19,0.27,5.22,0.185,166.4,6.4,4.07,0.345,6.5,0.25,1.15,0.345,6.4,0.25,5.39,0.2,6.48,0.195,6.48,0.13,5.22,0.26
5.2,0.23,5.26,0.17,166.9,4.05,4.07,0.25,6.5,0.25,1.69,0.51,6.4,0.2,5.46,0.165,6.5,0.23,6.5,0.235,5.24,0.11
5.22,0.2,5.33,0.285,167.2,3.35,4.14,0.205,6.5,0.15,1.8,0.54,6.4,0.35,5.53,0.095,6.51,0.195,6.57,0.17,6.21,0.215
5.26,0.18,5.35,0.24,167.2,2.95,4.18,0.42,6.5,0.2,1.96,0.115,6.4,0.2,6.17,0.24,6.58,0.185,6.65,0.17,6.25,0.31
5.3,0.165,5.47,0.3,167.3,3.0,4.29,0.25,6.5,0.3,2.48,0.745,6.4,0.35,6.4,0.25,6.65,0.11,6.66,0.185,6.38,0.22
5.31,0.16,5.5,0.26,167.6,3.3,4.3,0.165,6.5,0.3,2.78,0.28,6.5,0.25,6.42,0.23,6.66,0.275,6.68,0.25,6.42,0.125
5.38,0.285,5.56,0.28,167.9,3.25,4.35,0.19,6.6,0.35,3.39,1.015,6.5,0.35,6.46,0.15,6.68,0.24,6.78,0.225,6.44,0.12
5.42,0.27,5.59,0.245,168.2,2.4,4.46,0.33,6.6,0.25,3.39,0.36,6.5,0.3,6.5,0.305,6.72,0.105,6.79,0.22,6.46,0.285
5.66,0.285,5.66,0.225,168.5,6.65,4.47,0.315,6.6,0.35,3.77,0.16,6.5,0.15,6.66,0.195,6.76,0.235,6.8,0.17,6.47,0.23
5.7,0.305,5.79,0.3,169.0,2.7,4.5,0.215,6.6,0.2,3.78,0.225,6.5,0.1,6.79,0.14,6.77,0.21,6.84,0.255,6.66,0.29
6.18,0.29,5.86,0.29,169.7,3.1,4.58,0.23,6.6,0.45,3.82,0.115,6.5,0.25,6.83,0.235,6.82,0.25,6.88,0.26,6.83,0.14
6.52,0.365,5.86,0.165,170.9,4.85,4.59,0.24,6.6,0.35,3.89,0.15,6.5,0.25,6.84,0.125,6.83,0.2,6.88,0.3,6.83,0.315
6.57,0.235,5.87,0.35,171.8,3.25,4.63,0.195,6.6,0.15,3.99,0.185,6.6,0.25,6.87,0.125,6.83,0.22,6.9,0.165,6.85,0.24
7.04,0.155,6.11,0.285,173.3,3.65,4.65,0.38,6.7,0.45,4.0,0.285,6.6,0.25,6.87,0.16,6.88,0.185,6.92,0.135,6.85,0.145
7.16,0.21,6.31,0.23,174.4,5.1,4.7,0.185,6.7,0.2,4.05,0.26,6.6,0.25,6.88,0.12,6.96,0.365,7.06,0.12,6.87,0.22
7.21,0.275,6.36,0.19,174.6,2.35,4.72,0.3,6.7,0.3,4.06,0.335,6.6,0.15,6.92,0.2,7.0,0.34,7.06,0.215,6.89,0.23
7.24,0.2,6.37,0.295,174.6,4.15,4.75,0.235,6.7,0.4,4.08,0.335,6.6,0.3,6.96,0.24,7.04,0.39,7.1,0.175,6.92,0.245
7.37,0.42,6.59,0.35,175.1,4.25,4.76,0.215,6.7,0.45,4.12,0.29,6.6,0.3,6.98,0.33,7.07,0.205,7.12,0.21,6.97,0.315
7.4,0.245,6.63,0.365,175.3,4.0,4.85,0.165,6.8,0.35,4.12,0.155,6.7,0.35,6.98,0.145,7.14,0.145,7.18,0.24,6.98,0.24
7.43,0.3,6.63,0.39,175.4,5.9,4.89,0.2,6.8,0.3,4.16,0.36,6.7,0.15,7.08,0.285,7.15,0.265,7.18,0.14,7.02,0.36
7.44,0.28,6.67,0.3,179.5,4.75,4.95,0.27,6.8,0.4,4.17,0.23,6.7,0.25,7.09,0.335,7.16,0.33,7.19,0.175,7.08,0.165
7.52,0.18,6.73,0.19,181.9,4.25,4.97,0.35,6.8,0.35,4.22,0.215,6.7,0.35,7.12,0.275,7.2,0.24,7.22,0.205,7.09,0.195
7.54,0.27,6.75,0.265,183.9,2.85,4.98,0.195,6.8,0.25,4.27,0.165,6.7,0.25,7.19,0.4,7.25,0.33,7.22,0.16,7.14,0.29
7.57,0.39,6.81,0.33,232.8,4.55,4.99,0.185,6.8,0.1,4.31,0.285,6.7,0.4,7.19,0.095,7.26,0.275,7.28,0.115,7.19,0.145
7.59,0.42,6.82,0.175,236.3,8.05,5.0,0.17,6.8,0.5,4.34,0.265,6.7,0.25,7.21,0.25,7.26,0.24,7.29,0.115,7.21,0.175
7.6,0.255,6.85,0.16,242.8,6.05,5.03,0.235,6.8,0.25,4.35,0.38,6.7,0.35,7.22,0.165,7.27,0.17,7.3,0.205,7.22,0.195
7.64,0.15,6.87,0.225,254.0,6.35,5.04,0.165,6.8,0.2,4.44,0.425,6.7,0.35,7.22,0.2,7.37,0.27,7.31,0.235,7.23,0.225
7.67,0.27,6.9,0.275,289.9,4.85,5.06,0.135,6.8,0.2,4.48,0.155,6.7,0.2,7.23,0.29,7.37,0.19,7.34,0.155,7.23,0.195
7.76,0.44,7.0,0.365,291.4,7.0,5.09,0.345,6.8,0.15,4.48,0.2,6.8,0.4,7.28,0.195,7.42,0.255,7.37,0.12,7.26,0.23
7.79,0.14,7.03,0.235,292.6,4.55,5.1,0.3,6.9,0.35,4.49,0.17,6.8,0.3,7.3,0.1,7.48,0.33,7.39,0.185,7.28,0.33
7.84,0.245,7.12,0.35,293.2,7.2,5.13,0.32,6.9,0.25,4.62,0.245,6.8,0.25,7.32,0.22,7.48,0.24,7.41,0.27,7.31,0.295
7.89,0.21,7.18,0.185,294.7,5.55,5.15,0.16,6.9,0.4,4.62,0.31,6.8,0.4,7.34,0.165,7.53,0.23,7.44,0.13,7.34,0.43
7.94,0.295,7.19,0.43,296.6,6.6,5.15,0.16,6.9,0.2,4.65,0.225,6.8,0.2,7.41,0.17,7.53,0.25,7.46,0.26,7.4,0.205
7.96,0.335,7.3,0.365,297.1,4.7,5.16,0.15,6.9,0.2,4.67,0.145,6.9,0.25,7.43,0.37,7.58,0.27,7.5,0.27,7.41,0.305
7.97,0.29,7.31,0.345,297.1,5.7,5.17,0.295,6.9,0.2,4.7,0.16,6.9,0.25,7.44,0.14,7.64,0.285,7.55,0.175,7.42,0.175
7.97,0.19,7.32,0.15,297.5,3.85,5.2,0.24,6.9,0.35,4.74,0.225,6.9,0.4,7.44,0.34,7.65,0.235,7.56,0.295,7.54,0.33
7.98,0.34,7.33,0.355,297.8,3.95,5.2,0.2,6.9,0.3,4.87,0.25,6.9,0.25,7.46,0.215,7.68,0.175,7.62,0.275,7.55,0.2
8.0,0.35,7.33,0.255,297.9,9.45,5.2,0.18,6.9,0.15,4.92,0.26,6.9,0.2,7.47,0.235,7.73,0.305,7.63,0.215,7.55,0.205
8.01,0.2,7.35,0.235,297.9,5.55,5.2,0.28,6.9,0.2,4.94,0.225,6.9,0.3,7.51,0.255,7.75,0.225,7.66,0.42,7.56,0.18
8.02,0.31,7.39,0.345,298.1,3.6,5.2,0.255,6.9,0.2,4.95,0.155,6.9,0.35,7.51,0.16,7.76,0.215,7.7,0.17,7.59,0.12
8.04,0.26,7.4,0.25,299.2,4.4,5.23,0.16,7.0,0.3,5.0,0.25,6.9,0.3,7.54,0.145,7.76,0.1,7.71,0.145,7.62,0.11
8.04,0.31,7.42,0.31,299.4,5.55,5.25,0.155,7.0,0.3,5.01,0.2,7.0,0.2,7.6,0.225,7.79,0.27,7.72,0.185,7.63,0.255
8.06,0.285,7.42,0.175,299.4,5.65,5.27,0.26,7.0,0.3,5.01,0.175,7.0,0.3,7.61,0.16,7.79,0.205,7.73,0.13,7.64,0.21
8.14,0.455,7.44,0.255,299.5,9.6,5.3,0.28,7.0,0.5,5.01,0.09,7.0,0.3,7.64,0.175,7.79,0.195,7.79,0.145,7.66,0.255
8.14,0.205,7.44,0.305,299.6,5.3,5.56,0.145,7.0,0.3,5.02,0.28,7.0,0.3,7.65,0.23,7.82,0.23,7.85,0.115,7.68,0.095
8.15,0.315,7.45,0.345,299.8,5.85,5.57,0.17,7.0,0.35,5.07,0.155,7.0,0.25,7.68,0.175,7.83,0.19,7.88,0.195,7.71,0.2
8.17,0.4,7.46,0.225,300.0,5.45,5.6,0.435,7.0,0.2,5.08,0.33,7.0,0.35,7.7,0.16,7.83,0.245,7.95,0.155,7.71,0.345
8.18,0.32,7.46,0.335,300.1,6.25,5.63,0.57,7.0,0.3,5.09,0.25,7.0,0.4,7.73,0.185,7.84,0.215,7.95,0.215,7.79,0.185
8.2,0.38,7.47,0.26,300.2,6.5,5.81,0.165,7.0,0.45,5.1,0.22,7.0,0.3,7.74,0.215,7.87,0.185,8.06,0.155,7.81,0.38
8.24,0.415,7.5,0.215,300.4,6.6,6.03,0.305,7.0,0.2,5.1,0.235,7.0,0.25,7.75,0.235,8.01,0.275,8.07,0.285,7.82,0.31
8.27,0.25,7.56,0.265,300.4,4.65,6.04,0.375,7.0,0.2,5.12,0.185,7.0,0.4,7.79,0.16,8.07,0.3,8.14,0.34,7.85,0.195
8.33,0.275,7.58,0.14,300.4,5.85,6.05,0.275,7.0,0.3,5.13,0.19,7.0,0.25,7.8,0.265,8.1,0.23,8.21,0.22,7.86,0.225
8.33,0.365,7.61,0.355,300.5,5.5,6.06,0.295,7.0,0.2,5.15,0.27,7.0,0.35,7.84,0.23,8.17,0.165,8.22,0.2,7.88,0.27
8.36,0.365,7.61,0.315,300.6,7.85,6.13,0.42,7.0,0.4,5.16,0.285,7.0,0.35,7.89,0.125,8.22,0.25,8.23,0.215,7.88,0.145
8.44,0.365,7.62,0.25,300.7,6.95,6.14,0.27,7.0,0.25,5.16,0.3,7.0,0.35,7.89,0.2,8.23,0.23,8.29,0.18,7.89,0.27
8.51,0.3,7.65,0.23,300.9,6.45,6.26,0.295,7.1,0.3,5.19,0.235,7.1,0.4,7.92,0.24,8.26,0.255,8.3,0.18,7.89,0.2
8.55,0.345,7.66,0.23,301.0,5.9,6.29,0.215,7.1,0.2,5.19,0.13,7.1,0.2,7.92,0.35,8.39,0.145,8.32,0.135,7.9,0.175
8.56,0.205,7.7,0.25,301.2,3.45,6.43,0.23,7.1,0.25,5.2,0.23,7.1,0.25,7.94,0.155,8.46,0.26,8.37,0.24,7.92,0.165
8.62,0.34,7.72,0.385,301.3,5.15,6.49,0.32,7.1,0.55,5.21,0.27,7.1,0.15,7.96,0.145,8.47,0.18,8.39,0.215,7.92,0.26
8.62,0.485,7.73,0.3,301.6,4.4,6.51,0.3,7.1,0.3,5.22,0.165,7.1,0.3,7.98,0.325,8.48,0.21,8.48,0.425,7.95,0.21
8.67,0.39,7.76,0.24,301.6,6.25,6.52,0.305,7.2,0.45,5.27,0.435,7.1,0.3,8.0,0.285,8.51,0.22,8.52,0.205,8.01,0.23
8.68,0.215,7.79,0.245,301.7,4.95,6.56,0.3,7.2,0.25,5.28,0.215,7.1,0.2,8.03,0.19,8.56,0.345,8.53,0.22,8.02,0.225
8.79,0.39,7.79,0.405,302.0,5.5,6.61,0.39,7.2,0.3,5.31,0.185,7.1,0.3,8.05,0.245,8.57,0.31,8.56,0.44,8.03,0.43
8.79,0.485,7.86,0.25,302.0,7.05,6.64,0.325,7.2,0.15,5.33,0.215,7.1,0.2,8.16,0.325,8.59,0.345,8.59,0.365,8.07,0.22
8.87,0.44,7.87,0.275,302.2,5.0,6.65,0.37,7.2,0.2,5.37,0.355,7.2,0.3,8.21,0.14,8.66,0.245,8.64,0.255,8.09,0.215
8.88,0.455,7.9,0.265,302.3,5.4,6.66,0.255,7.2,0.25,5.39,0.205,7.2,0.3,8.24,0.12,8.69,0.305,8.72,0.2,8.14,0.34
8.89,0.46,7.92,0.355,302.4,6.35,6.73,0.185,7.2,0.15,5.41,0.295,7.2,0.4,8.3,0.235,8.95,0.35,8.91,0.19,8.16,0.225
8.93,0.325,7.92,0.295,302.5,6.25,6.78,0.275,7.3,0.3,5.42,0.185,7.2,0.25,8.36,0.155,9.02,0.25,8.98,0.155,8.19,0.195
8.97,0.315,7.93,0.47,302.6,5.55,6.83,0.46,7.4,0.2,5.43,0.435,7.2,0.25,8.36,0.295,9.04,0.28,9.21,0.17,8.3,0.275
9.0,0.495,7.94,0.375,302.6,6.0,6.84,0.39,7.4,0.45,5.5,0.3,7.2,0.4,8.38,0.305,9.23,0.33,9.23,0.285,8.31,0.345
9.04,0.32,7.97,0.265,302.6,6.8,6.86,0.31,7.4,0.2,5.54,0.35,7.2,0.15,8.38,0.48,9.25,0.325,9.28,0.21,8.33,0.26
9.08,0.195,7.98,0.245,302.7,6.3,6.87,0.23,7.5,0.15,5.57,0.225,7.2,0.2,8.42,0.255,9.32,0.325,9.34,0.455,8.33,0.275
9.08,0.495,7.99,0.39,302.7,5.1,6.89,0.355,7.6,0.25,5.58,0.205,7.2,0.3,8.42,0.105,9.34,0.31,9.34,0.195,8.49,0.32
9.12,0.45,8.01,0.285,302.9,4.75,6.92,0.3,7.6,0.35,5.63,0.25,7.3,0.15,8.43,0.245,9.39,0.345,9.36,0.29,8.53,0.325
9.41,0.265,8.03,0.35,303.0,4.15,6.94,0.355,7.6,0.4,5.74,0.235,7.3,0.4,8.5,0.19,9.44,0.51,9.4,0.37,8.53,0.25
9.55,0.415,8.03,0.31,303.0,6.1,6.98,0.435,7.7,0.3,5.92,0.28,7.3,0.3,8.5,0.175,9.44,0.415,9.46,0.395,8.54,0.215
9.62,0.32,8.04,0.245,303.1,4.05,6.98,0.23,7.7,0.35,5.94,0.185,7.3,0.4,8.53,0.2,9.48,0.225,9.46,0.225,8.56,0.225
9.72,0.27,8.06,0.38,303.2,8.0,7.03,0.225,7.7,0.25,6.12,0.225,7.3,0.25,8.54,0.22,9.49,0.215,9.47,0.39,8.56,0.235
9.73,0.28,8.07,0.36,303.3,5.1,7.06,0.28,7.8,0.65,6.19,0.425,7.3,0.25,8.59,0.245,9.5,0.185,9.59,0.205,8.58,0.265
9.83,0.415,8.07,0.475,303.3,6.4,7.06,0.23,7.8,0.2,6.37,0.935,7.3,0.4,8.6,0.32,9.56,0.16,9.59,0.385,8.59,0.19
9.83,0.415,8.08,0.465,303.3,4.95,7.12,0.445,7.9,0.65,6.43,0.29,7.4,0.3,8.61,0.14,9.58,0.185,9.62,0.445,8.62,0.32
9.83,0.245,8.13,0.42,303.4,6.45,7.13,0.585,8.0,0.4,6.45,0.31,7.4,0.2,8.63,0.2,9.59,0.245,9.64,0.155,8.67,0.185
9.89,0.27,8.13,0.16,303.4,5.8,7.15,0.245,8.0,0.3,6.49,0.205,7.4,0.35,8.63,0.12,9.65,0.25,9.64,0.19,8.72,0.4
9.94,0.505,8.14,0.405,303.5,4.15,7.15,0.635,8.1,0.3,7.0,0.195,7.4,0.3,8.64,0.13,9.66,0.305,9.65,0.46,8.73,0.245
10.1,0.35,8.17,0.28,303.5,3.4,7.16,0.28,8.3,0.4,7.03,0.3,7.4,0.3,8.66,0.385,9.67,0.31,9.68,0.33,8.91,0.225
10.1,0.3,8.18,0.33,303.5,5.15,7.2,0.335,8.6,0.45,7.06,0.315,7.4,0.25,8.72,0.23,9.67,0.24,9.69,0.255,8.92,0.3
10.5,0.4,8.21,0.24,303.7,5.2,7.24,0.21,8.6,0.65,7.08,0.17,7.4,0.25,8.74,0.285,9.7,0.405,9.7,0.435,8.93,0.41
10.5,0.5,8.23,0.24,303.9,4.9,7.26,0.345,8.6,0.55,7.14,0.275,7.4,0.25,8.76,0.27,9.71,0.27,9.73,0.395,8.97,0.355
10.5,0.6,8.32,0.455,304.0,4.3,7.27,0.35,8.7,0.35,7.16,0.485,7.4,0.35,8.84,0.275,9.71,0.34,9.76,0.305,8.99,0.245
10.7,0.55,8.35,0.465,304.2,7.2,7.32,0.405,8.8,0.5,7.18,0.25,7.4,0.15,8.9,0.41,9.72,0.275,9.76,0.355,9.06,0.18
10.7,0.35,8.37,0.325,304.4,4.85,7.32,0.34,9.0,0.5,7.21,0.225,7.4,0.35,9.04,0.31,9.72,0.365,9.77,0.165,9.09,0.45
11.3,0.35,8.42,0.425,304.5,6.55,7.33,0.205,9.0,0.4,7.24,0.465,7.5,0.35,9.2,0.275,9.74,0.405,9.77,0.265,9.12,0.285
17.2,0.45,8.47,0.345,304.6,4.95,7.34,0.35,9.0,0.45,7.3,0.18,7.5,0.25,9.25,0.305,9.74,0.35,9.77,0.365,9.19,0.265
17.6,0.35,8.48,0.225,304.7,5.1,7.36,0.395,9.0,0.25,7.31,0.23,7.5,0.25,9.26,0.18,9.74,0.405,9.78,0.3,9.21,0.26
17.8,0.5,8.49,0.505,304.8,7.5,7.37,0.355,9.1,0.6,7.32,0.325,7.5,0.2,9.29,0.41,9.78,0.315,9.96,0.385,9.26,0.305
18.1,0.35,8.5,0.235,304.8,5.5,7.4,0.425,9.2,0.5,7.35,0.175,7.5,0.35,9.3,0.19,9.78,0.42,10.2,0.45,9.32,0.25
18.2,0.3,8.51,0.32,304.9,6.85,7.44,0.22,9.2,0.25,7.4,0.24,7.5,0.25,9.38,0.27,9.81,0.405,10.2,0.2,9.33,0.335
18.2,0.75,8.55,0.26,304.9,4.95,7.46,0.41,9.3,0.35,7.43,0.19,7.5,0.45,9.45,0.435,9.81,0.26,10.3,0.25,9.34,0.39
18.2,0.55,8.58,0.35,305.0,7.0,7.47,0.215,9.3,0.45,7.44,0.485,7.5,0.4,9.5,0.145,9.89,0.305,10.3,0.3,9.36,0.45
18.2,0.35,8.6,0.465,305.1,8.75,7.51,0.4,9.3,0.35,7.45,0.38,7.5,0.25,9.54,0.24,9.9,0.35,10.4,0.3,9.37,0.195
18.2,0.5,8.61,0.32,305.5,6.55,7.64,0.185,9.3,0.2,7.5,0.44,7.5,0.3,9.56,0.415,9.92,0.28,10.5,0.4,9.38,0.37
18.3,0.75,8.63,0.36,305.6,4.75,7.66,0.235,9.3,0.3,7.51,0.375,7.5,0.35,9.6,0.295,9.93,0.245,10.5,0.45,9.41,0.245
18.3,0.65,8.67,0.405,305.6,8.15,7.72,0.285,9.4,0.6,7.51,0.355,7.5,0.3,9.61,0.28,10.0,0.45,10.5,0.3,9.44,0.235
18.4,0.35,8.73,0.33,305.6,4.7,7.75,0.21,9.4,0.3,7.54,0.17,7.6,0.25,9.65,0.31,10.0,0.4,11.1,0.25,9.45,0.325
18.7,0.5,8.84,0.455,305.8,7.75,7.77,0.46,9.4,0.55,7.55,0.17,7.6,0.35,9.65,0.38,10.1,0.25,11.4,0.25,9.47,0.26
18.8,0.35,8.87,0.225,305.9,7.75,7.79,1.36,9.4,0.45,7.55,0.305,7.6,0.4,9.66,0.23,10.2,0.3,12.2,0.25,9.47,0.39
18.8,0.4,8.9,0.37,306.1,4.2,7.8,0.145,9.4,0.5,7.56,0.17,7.7,0.35,9.67,0.35,10.3,0.45,12.8,0.3,9.48,0.415
18.9,0.65,9.01,0.475,306.2,6.0,7.83,0.31,9.4,0.3,7.56,0.44,7.7,0.3,9.71,0.275,10.3,0.4,12.9,0.25,9.51,0.285
19.1,0.35,9.1,0.37,306.2,5.55,7.84,0.32,9.6,0.25,7.58,0.17,7.7,0.4,9.73,0.2,10.3,0.3,13.0,0.45,9.51,0.565
19.3,0.45,9.12,0.39,306.2,7.15,7.85,0.21,9.6,0.4,7.58,0.205,7.7,0.4,9.73,0.4,10.4,0.5,13.1,0.3,9.53,0.255
19.3,0.45,9.16,0.535,306.4,6.3,7.88,0.35,9.6,0.7,7.64,0.16,7.7,0.45,9.74,0.2,11.2,0.35,13.3,0.75,9.54,0.19
20.0,0.65,9.18,0.495,306.4,4.45,7.93,0.305,9.6,0.6,7.65,0.3,7.8,0.3,9.75,0.255,12.0,0.2,13.5,0.25,9.54,0.135
20.0,0.5,9.22,0.395,306.5,5.6,7.95,0.365,9.6,0.5,7.69,0.25,7.8,0.35,9.82,0.42,12.0,0.15,13.6,0.4,9.59,0.285
20.4,1.05,9.26,0.35,306.5,5.8,7.97,0.35,9.7,0.35,7.74,0.27,7.8,0.15,9.82,0.325,12.2,0.2,13.6,0.25,9.6,0.315
20.7,1.1,9.27,0.34,306.6,5.3,7.97,0.3,9.7,0.5,7.79,0.3,7.8,0.4,9.86,0.245,13.4,0.25,13.7,0.35,9.6,0.235
39.3,1.25,9.28,0.44,306.6,5.65,7.98,0.47,9.7,0.65,7.81,0.16,7.9,0.45,9.86,0.165,13.5,0.65,13.7,0.3,9.72,0.375
70.8,1.5,9.43,0.25,307.0,6.75,8.0,0.25,9.8,0.55,7.84,0.345,7.9,0.35,9.87,0.53,13.7,0.55,13.7,0.6,9.74,0.545
146.7,3.0,9.5,0.51,307.0,5.2,8.0,0.31,9.8,0.4,7.87,0.435,7.9,0.4,9.93,0.175,13.8,0.25,13.9,0.7,9.74,0.31
147.3,5.35,9.55,0.375,307.1,6.4,8.01,0.395,9.8,0.4,7.88,0.165,8.0,0.2,10.0,0.25,13.9,0.3,14.0,0.4,9.94,0.155
148.6,3.05,9.72,0.395,307.1,5.2,8.02,0.21,9.9,0.45,7.89,0.24,8.0,0.4,10.3,0.25,14.1,0.2,14.2,0.4,9.99,0.28
150.0,3.15,9.74,0.265,307.1,5.25,8.03,0.36,9.9,0.2,7.91,0.42,8.1,0.35,10.4,0.4,14.2,0.35,14.2,0.4,10.0,0.45
1204.1,30.45,9.76,0.435,307.1,5.3,8.03,0.29,9.9,0.35,8.03,0.285,8.1,0.2,10.5,0.35,14.2,0.55,14.3,0.7,10.1,0.45
,,9.78,0.34,307.2,5.25,8.05,0.45,9.9,0.5,8.04,0.775,8.1,0.35,10.6,0.35,14.2,0.3,14.6,0.35,10.2,0.2
,,9.82,0.27,307.2,9.6,8.08,0.23,9.9,0.5,8.06,0.345,8.2,0.2,11.2,0.2,14.3,0.25,14.7,0.7,10.2,0.2
,,9.88,0.27,307.2,5.75,8.09,0.285,10.0,0.4,8.07,0.255,8.3,0.4,11.4,0.25,14.4,0.6,14.9,0.6,10.2,0.2
,,9.93,0.4,307.5,5.85,8.09,0.35,10.0,0.85,8.08,0.36,8.4,0.35,11.6,0.35,14.4,0.3,15.0,0.65,10.5,0.25
,,10.1,0.3,307.6,5.25,8.14,0.215,10.0,0.45,8.12,0.25,8.5,0.3,11.9,0.3,14.5,0.4,15.0,0.7,11.0,0.35
,,10.1,0.25,307.6,5.6,8.15,0.405,10.0,0.5,8.16,0.515,8.5,0.35,12.3,0.25,14.6,0.75,15.1,0.5,11.7,0.35
,,10.3,0.35,307.6,6.5,8.16,0.425,10.1,0.5,8.18,0.355,9.4,0.5,12.3,0.25,14.6,0.7,16.1,0.35,11.8,0.35
,,10.4,0.4,307.7,5.6,8.2,0.27,10.2,0.7,8.19,0.315,9.6,0.35,12.9,0.2,14.9,0.35,16.8,0.45,12.5,0.25
,,10.4,0.5,307.9,6.1,8.27,0.3,10.2,0.25,8.2,0.28,9.7,0.25,12.9,0.45,15.2,0.5,16.9,0.35,13.1,0.2
,,10.4,0.5,308.2,5.5,8.31,0.36,10.3,0.4,8.2,0.29,9.7,0.35,13.1,0.2,15.6,0.7,17.1,0.5,13.8,0.55
,,10.5,0.5,308.2,5.5,8.35,0.36,10.5,0.4,8.21,0.345,9.7,0.35,13.1,0.25,16.5,0.2,17.6,0.4,13.9,0.35
,,10.6,0.5,308.2,7.05,8.38,0.365,10.6,0.8,8.23,0.415,9.7,0.4,13.6,0.35,17.8,0.5,17.8,0.4,14.0,0.35
,,10.7,0.45,308.3,5.5,8.38,0.325,10.8,0.85,8.23,0.605,9.8,0.35,13.7,0.3,18.2,0.3,18.0,0.3,14.0,0.5
,,10.7,0.6,308.6,5.3,8.38,0.32,10.9,0.3,8.23,0.73,9.8,0.3,13.8,0.4,18.3,0.3,18.4,0.55,14.1,0.35
,,10.9,0.55,308.7,7.5,8.38,0.185,11.3,0.15,8.24,0.31,9.8,0.35,13.8,0.3,18.4,0.5,18.4,0.5,14.3,0.75
,,11.0,0.5,308.8,4.55,8.41,0.28,11.8,0.25,8.24,0.325,9.8,0.35,13.9,0.4,18.7,0.3,18.6,0.25,14.5,0.75
,,11.4,0.6,308.8,8.95,8.44,0.425,11.8,0.65,8.27,0.2,9.9,0.3,13.9,0.4,19.1,0.5,18.6,0.4,14.5,0.5
,,12.3,0.25,308.8,5.85,8.44,0.255,11.8,0.3,8.28,0.265,9.9,0.45,14.0,0.25,19.4,0.55,18.7,0.35,14.6,0.2
,,12.9,0.5,308.9,5.0,8.49,0.385,12.0,0.25,8.29,0.26,9.9,0.4,14.1,0.4,19.4,0.5,18.7,0.75,15.4,0.25
,,13.2,0.7,309.0,8.75,8.52,0.215,12.0,0.3,8.29,0.35,9.9,0.2,14.2,0.25,19.4,0.2,18.8,0.45,15.7,0.4
,,13.3,0.55,309.1,5.05,8.52,0.3,12.1,0.5,8.36,0.275,10.0,0.25,14.4,0.4,19.5,0.3,18.9,0.5,16.3,0.45
,,14.1,0.45,309.4,8.85,8.53,0.675,12.2,0.35,8.4,0.3,10.0,0.4,14.4,0.2,19.6,0.5,19.0,0.3,16.3,0.45
,,14.2,0.4,309.4,4.5,8.53,0.535,12.4,0.35,8.43,0.25,10.0,0.2,14.6,0.2,19.7,0.55,19.1,0.45,16.7,0.25
,,14.2,0.35,309.4,4.75,8.54,0.48,12.5,0.5,8.44,0.395,10.0,0.35,14.7,0.4,19.9,0.6,19.2,0.4,17.0,0.25
,,14.5,0.35,309.5,4.45,8.57,0.255,13.3,0.75,8.44,0.225,10.1,0.45,15.2,0.7,20.0,0.6,19.3,0.35,17.4,0.3
,,15.5,0.7,309.5,5.95,8.61,0.145,13.3,0.65,8.48,0.35,10.1,0.45,15.2,0.15,20.0,0.6,19.6,0.4,18.1,0.25
,,15.6,0.5,309.6,7.55,8.63,0.535,13.4,0.6,8.48,0.365,10.1,0.6,15.4,0.3,20.2,0.6,19.6,0.8,18.3,0.4
,,16.4,0.65,309.7,4.6,8.7,0.445,13.4,0.65,8.58,0.215,10.2,0.45,15.6,0.35,20.3,0.45,19.6,0.25,18.4,0.3
,,16.5,0.9,309.9,5.55,8.7,0.455,13.4,1.1,8.6,0.325,10.3,0.45,15.7,0.3,20.4,0.6,19.6,0.25,18.4,0.35
,,16.9,0.6,309.9,5.35,8.71,0.485,13.5,0.5,8.63,0.415,10.4,0.35,16.4,0.5,20.8,0.8,19.7,0.7,18.5,0.3
,,17.7,0.4,310.1,3.95,8.72,0.22,13.7,0.4,8.63,0.35,10.4,0.3,16.8,0.2,21.0,0.7,19.7,0.6,18.5,0.3
,,18.4,0.9,310.6,6.05,8.72,0.37,13.7,0.3,8.65,0.235,10.4,0.35,16.8,0.5,70.7,1.3,20.3,0.7,18.5,0.25
,,18.5,0.55,310.9,6.65,8.76,0.415,13.8,0.35,8.65,0.425,10.4,0.35,16.9,0.6,83.0,1.3,20.4,0.55,18.6,0.3
,,18.6,0.45,310.9,4.0,8.78,0.385,13.8,0.65,8.65,0.175,10.5,0.25,17.0,0.3,83.3,1.5,20.5,0.3,18.8,0.35
,,77.4,3.0,310.9,4.45,8.79,0.38,14.0,0.5,8.66,0.575,10.5,0.5,17.0,0.4,84.2,1.75,20.5,0.5,19.0,0.4
,,88.7,2.9,311.1,5.9,8.79,0.345,14.0,0.45,8.68,0.285,10.5,0.3,17.5,0.3,87.5,1.15,20.7,0.7,19.1,0.45
,,89.9,4.6,311.3,8.25,8.89,0.615,14.0,0.6,8.71,0.37,10.5,0.35,17.6,0.35,88.1,2.35,20.7,0.65,19.1,0.55
,,91.0,2.3,311.3,5.55,8.89,0.295,14.0,0.95,8.74,0.49,10.6,0.45,17.7,0.4,90.0,1.55,21.4,0.5,19.3,0.3
,,93.0,2.35,311.4,4.85,8.9,0.425,14.0,0.45,8.77,0.44,10.6,0.5,17.8,0.65,92.6,3.6,21.7,0.55,19.4,0.45
,,95.5,2.1,311.4,5.3,8.99,0.315,14.0,0.45,8.81,0.38,10.7,0.55,18.1,0.8,93.2,2.0,23.4,0.6,19.4,0.6
,,98.7,3.55,311.5,6.85,9.03,0.455,14.0,0.7,8.81,0.255,12.7,0.3,18.4,0.45,93.8,1.6,37.9,0.65,19.4,0.55
,,99.2,3.9,311.5,5.2,9.15,0.4,14.0,0.65,8.81,0.32,12.8,0.75,18.4,0.6,95.0,1.95,73.0,1.5,19.4,0.55
,,99.5,2.45,311.5,5.15,9.18,0.38,14.1,0.45,8.81,0.505,13.3,0.5,18.5,0.4,95.1,1.25,84.5,2.1,19.4,0.3
,,99.7,2.75,311.8,6.0,9.19,0.28,14.1,0.35,8.82,0.34,14.9,0.6,18.5,0.35,95.4,1.9,92.1,1.55,19.6,0.6
,,100.4,1.35,311.8,6.25,9.2,0.23,14.1,0.5,8.83,0.32,15.7,0.5,18.7,0.75,96.2,2.15,98.8,2.05,19.9,0.6
,,100.7,2.8,311.8,5.5,9.23,0.815,14.2,0.7,8.84,0.195,17.0,0.7,18.7,0.4,96.9,1.95,134.4,1.9,19.9,0.35
,,100.8,2.8,312.1,4.8,9.32,0.545,14.2,0.6,8.86,0.485,17.1,0.35,18.8,0.65,98.9,1.15,152.6,2.35,20.1,0.65
,,100.9,2.85,312.1,5.2,9.45,0.49,14.2,0.7,8.86,0.465,17.2,0.6,18.8,0.2,100.1,2.25,156.7,3.2,20.4,0.45
,,101.8,2.2,312.2,4.65,9.46,0.35,14.2,0.6,8.95,0.23,17.3,0.55,19.6,0.4,100.4,2.6,157.5,2.0,20.6,0.65
,,101.9,1.55,312.3,6.45,9.5,0.46,14.2,0.6,8.96,0.4,17.7,0.6,19.8,0.75,102.0,3.4,160.4,1.9,21.8,0.35
,,102.5,2.2,312.3,6.45,9.56,0.36,14.2,0.45,9.01,0.29,20.5,0.8,20.0,0.45,103.0,1.7,412.3,7.8,29.8,0.5
,,102.9,2.55,312.4,4.85,9.59,0.275,14.3,0.55,9.03,0.445,21.2,0.5,20.2,0.45,103.4,1.55,,,35.7,0.8
,,103.6,1.4,313.0,6.45,9.6,0.365,14.3,0.45,9.05,0.585,21.5,0.3,20.2,0.3,104.1,2.05,,,73.0,1.25
,,103.6,2.5,313.1,4.3,9.61,0.275,14.3,0.35,9.07,0.845,22.4,1.2,20.4,0.35,104.7,1.85,,,73.8,1.25
,,104.1,2.0,313.1,5.5,9.61,0.34,14.4,0.95,9.07,0.46,25.5,1.35,21.3,0.55,105.1,1.75,,,89.2,2.15
,,104.2,2.5,313.1,5.8,9.62,0.345,14.4,0.35,9.08,0.6,39.1,1.05,21.4,0.4,105.3,1.75,,,96.0,2.9
,,104.3,2.0,313.2,7.5,9.63,0.49,14.4,0.4,9.08,0.45,84.2,1.9,37.4,0.75,105.6,1.6,,,101.8,1.8
,,104.3,2.3,313.5,5.8,9.64,0.265,14.4,0.6,9.14,0.27,85.9,2.7,70.0,1.35,105.8,1.55,,,106.9,2.0
,,104.6,2.1,313.5,6.3,9.65,0.315,14.4,0.65,9.22,0.91,93.4,3.2,83.0,1.85,106.0,2.35,,,149.5,3.15
,,104.6,2.45,313.7,5.05,9.67,0.4,14.5,0.55,9.24,0.475,93.8,2.7,85.0,1.6,106.2,1.35,,,160.6,2.95
,,104.9,3.35,313.7,8.4,9.71,0.345,14.6,0.35,9.3,0.505,97.3,3.45,85.5,1.55,106.2,1.85,,,165.3,2.45
,,105.0,2.9,313.7,4.6,9.72,0.25,14.7,0.65,9.32,0.455,97.3,2.65,86.9,2.15,107.3,2.3,,,299.8,4.7
,,105.4,3.05,313.9,3.95,9.73,0.245,14.7,0.75,9.4,0.46,109.4,3.2,90.9,2.0,107.4,2.15,,,364.6,5.1
,,105.6,5.05,314.0,8.45,9.75,0.31,14.7,0.5,9.41,0.495,150.5,3.95,91.9,2.25,107.4,1.7,,,,
,,105.6,2.95,314.1,6.35,9.76,0.465,14.8,0.55,9.42,0.37,160.2,3.45,97.2,2.0,107.5,2.95,,,,
,,105.8,1.7,314.1,6.05,9.8,0.4,14.8,0.55,9.42,0.665,168.2,4.1,149.1,3.2,107.7,1.2,,,,
,,105.8,1.75,314.3,6.2,9.81,0.405,14.8,0.3,9.46,0.295,170.6,3.85,162.7,2.25,108.7,2.5,,,,
,,105.9,2.8,314.5,8.85,9.83,0.41,14.8,0.35,9.47,0.59,,,170.1,7.65,109.0,0.8,,,,
,,106.0,2.8,314.5,4.95,9.83,0.405,14.8,0.9,9.48,0.74,,,308.2,4.7,109.8,2.55,,,,
,,106.2,2.4,314.5,6.0,9.84,0.345,14.9,0.55,9.5,0.38,,,319.0,3.95,113.9,2.4,,,,
,,106.2,2.45,314.6,5.1,9.93,0.655,15.0,0.55,9.63,0.32,,,,,113.9,2.2,,,,
,,106.8,2.45,314.6,6.5,9.95,0.46,15.1,0.45,9.63,0.275,,,,,119.0,2.4,,,,
,,108.1,1.9,314.6,4.85,9.96,0.325,15.2,0.5,9.63,0.485,,,,,120.5,1.55,,,,
,,124.1,2.7,314.8,8.1,10.0,0.5,15.2,0.65,9.69,2.905,,,,,137.5,1.75,,,,
,,146.3,3.75,315.0,4.8,10.0,0.6,15.5,0.45,9.76,0.445,,,,,147.1,1.55,,,,
,,146.5,2.6,315.1,4.9,10.1,0.45,15.7,0.75,9.79,0.49,,,,,154.6,1.75,,,,
,,151.8,3.45,315.4,7.75,10.1,0.8,15.7,0.95,9.81,0.27,,,,,162.5,2.55,,,,
,,155.6,4.2,315.5,4.65,10.2,0.35,15.7,0.5,9.82,0.255,,,,,162.9,2.45,,,,
,,155.9,2.9,316.0,6.35,10.2,0.55,16.2,0.55,9.84,0.3,,,,,163.9,3.05,,,,
,,158.0,3.0,316.6,5.35,10.2,0.35,16.3,0.35,9.85,0.175,,,,,164.3,2.1,,,,
,,161.0,2.4,316.8,9.35,10.4,0.35,16.5,0.35,9.87,0.365,,,,,166.0,3.0,,,,
,,164.8,2.9,316.9,5.45,10.4,0.4,17.2,0.4,9.91,0.315,,,,,169.3,2.3,,,,
,,165.2,2.8,317.0,4.4,10.5,0.35,17.4,0.65,10.0,0.25,,,,,207.6,4.3,,,,
,,167.6,3.3,317.2,4.4,10.5,0.3,17.6,0.7,10.0,1.15,,,,,210.0,2.75,,,,
,,246.4,8.45,317.3,6.3,11.8,0.25,18.5,0.65,10.1,0.4,,,,,210.1,3.3,,,,
,,287.7,7.8,317.8,5.1,12.3,0.25,18.6,1.0,10.1,0.4,,,,,293.8,5.6,,,,
,,298.2,6.85,317.9,6.1,12.3,0.3,19.7,0.75,10.2,0.4,,,,,303.5,3.7,,,,
,,299.4,5.6,317.9,7.4,12.4,0.5,19.8,0.95,10.2,0.3,,,,,309.4,5.05,,,,
,,300.0,5.2,318.0,6.55,12.6,0.4,20.1,0.85,10.2,0.45,,,,,311.2,3.8,,,,
,,301.9,4.85,318.0,6.55,12.6,0.45,20.2,0.7,10.2,0.4,,,,,312.3,3.95,,,,
,,302.9,5.55,318.2,5.25,13.3,0.25,20.6,0.6,10.3,0.9,,,,,312.8,4.7,,,,
,,306.9,5.55,318.3,8.3,13.3,0.25,20.8,0.35,10.3,0.35,,,,,315.0,5.8,,,,
,,307.5,4.3,319.2,5.5,13.3,0.4,20.9,0.55,10.3,0.25,,,,,318.4,3.3,,,,
,,308.8,6.55,319.3,6.75,13.5,0.55,21.6,0.65,10.3,0.5,,,,,320.2,4.85,,,,
,,309.1,6.25,319.9,5.4,13.5,0.45,21.6,0.65,10.3,0.5,,,,,372.7,5.8,,,,
,,324.9,5.45,320.4,3.95,13.6,0.6,69.8,2.2,10.3,0.35,,,,,413.4,6.1,,,,
,,461.2,8.9,321.0,7.3,13.7,0.35,83.6,2.85,10.5,0.25,,,,,540.3,10.05,,,,
,,619.9,12.25,321.3,5.5,13.7,0.65,85.2,3.0,10.5,0.3,,,,,833.5,9.65,,,,
,,2012.8,33.6,321.4,6.8,13.8,0.8,85.4,2.2,10.5,0.45,,,,,,,,,,
,,,,321.8,5.5,13.8,0.5,85.4,2.45,10.6,0.4,,,,,,,,,,
,,,,322.2,6.45,13.8,0.9,86.5,4.95,10.7,0.45,,,,,,,,,,
,,,,322.9,6.0,14.2,0.4,89.0,2.95,10.9,0.7,,,,,,,,,,
,,,,323.0,7.0,14.2,0.55,144.6,2.15,10.9,0.5,,,,,,,,,,
,,,,324.8,6.0,14.2,0.6,145.8,3.1,11.0,0.4,,,,,,,,,,
,,,,325.4,6.7,14.3,0.55,146.7,3.15,11.0,0.15,,,,,,,,,,
,,,,326.8,4.6,14.3,0.3,153.1,4.4,11.2,0.7,,,,,,,,,,
,,,,332.5,6.4,14.4,0.25,161.2,4.1,11.5,0.3,,,,,,,,,,
,,,,333.2,5.75,14.4,0.45,,,11.7,0.55,,,,,,,,,,
,,,,334.1,5.85,14.5,0.4,,,11.9,0.7,,,,,,,,,,
,,,,334.7,5.25,14.6,0.45,,,12.0,1.25,,,,,,,,,,
,,,,360.5,3.95,14.7,0.8,,,12.5,0.65,,,,,,,,,,
,,,,365.2,6.85,15.0,0.6,,,12.5,1.25,,,,,,,,,,
,,,,446.0,8.4,15.5,1.1,,,12.7,0.45,,,,,,,,,,
,,,,460.8,7.0,16.3,0.65,,,13.3,0.25,,,,,,,,,,
,,,,1165.1,47.2,16.8,0.4,,,13.5,0.35,,,,,,,,,,
,,,,,,17.7,0.75,,,15.0,2.05,,,,,,,,,,
,,,,,,18.4,0.5,,,15.0,0.35,,,,,,,,,,
,,,,,,18.5,0.6,,,15.7,0.3,,,,,,,,,,
,,,,,,18.5,1.45,,,16.8,0.5,,,,,,,,,,
,,,,,,18.6,0.4,,,16.9,0.55,,,,,,,,,,
,,,,,,18.7,0.75,,,17.6,0.6,,,,,,,,,,
,,,,,,18.8,0.5,,,18.0,0.45,,,,,,,,,,
,,,,,,18.9,0.5,,,18.0,0.6,,,,,,,,,,
,,,,,,18.9,0.65,,,18.1,0.45,,,,,,,,,,
,,,,,,19.0,0.45,,,18.1,0.85,,,,,,,,,,
,,,,,,19.1,1.1,,,18.3,0.55,,,,,,,,,,
,,,,,,19.9,0.3,,,18.7,0.5,,,,,,,,,,
,,,,,,19.9,0.85,,,18.8,0.6,,,,,,,,,,
,,,,,,20.6,0.45,,,18.9,0.4,,,,,,,,,,
,,,,,,20.6,0.75,,,18.9,0.55,,,,,,,,,,
,,,,,,20.8,0.35,,,19.4,0.55,,,,,,,,,,
,,,,,,21.1,2.55,,,19.7,0.5,,,,,,,,,,
,,,,,,21.7,0.7,,,19.7,0.7,,,,,,,,,,
,,,,,,22.5,0.5,,,19.9,0.6,,,,,,,,,,
,,,,,,24.6,3.0,,,20.0,0.4,,,,,,,,,,
,,,,,,31.7,8.05,,,20.4,2.75,,,,,,,,,,
,,,,,,36.3,1.25,,,22.2,1.05,,,,,,,,,,
,,,,,,55.8,9.95,,,32.2,9.65,,,,,,,,,,
,,,,,,80.8,2.45,,,88.1,2.8,,,,,,,,,,
,,,,,,82.2,1.65,,,94.2,3.55,,,,,,,,,,
,,,,,,83.0,3.6,,,137.6,2.55,,,,,,,,,,
,,,,,,85.4,1.55,,,144.2,2.6,,,,,,,,,,
,,,,,,85.5,2.35,,,147.6,5.1,,,,,,,,,,
,,,,,,92.6,2.4,,,148.4,3.55,,,,,,,,,,
,,,,,,92.7,2.0,,,149.1,2.35,,,,,,,,,,
,,,,,,93.0,2.25,,,150.9,4.35,,,,,,,,,,
,,,,,,142.8,3.05,,,1036.8,28.3,,,,,,,,,,
,,,,,,146.1,3.15,,,,,,,,,,,,,,
,,,,,,146.8,3.3,,,,,,,,,,,,,,
,,,,,,148.5,3.35,,,,,,,,,,,,,,
,,,,,,149.0,2.95,,,,,,,,,,,,,,
,,,,,,149.5,2.65,,,,,,,,,,,,,,
,,,,,,150.7,3.2,,,,,,,,,,,,,,
,,,,,,152.8,2.75,,,,,,,,,,,,,,
,,,,,,153.3,3.65,,,,,,,,,,,,,,
,,,,,,162.9,4.3,,,,,,,,,,,,,,
