CT-Ter-2,,CT-Ter-10,,CT-1,,CT-2,,CT-3,,CT-4,,CT-5,,CT-6,,CT-7,,CT-8.2,,CT-9,,CT-10,,CT-11,
Age,Error,Age,Error,Age,Error,Age,Error,Age,Error,Age,Error,Age,Error,Age,Error,Age,Error,Age,Error,Age,Error,Age,Error,Age,Error
0.96,0.22,0.31,0.19,3.72,0.4,3.95,0.38,138.5,3.9,0.25,0.15,1.9,0.3,0.06,0.03,4.1,0.4,1.72,0.18,1.79,0.13,3.77,0.3,1.9,0.22
1.11,0.32,0.35,0.21,3.74,0.33,3.98,0.42,150.6,6.4,0.28,0.17,1.9,0.1,0.16,0.1,5.8,0.7,1.8,0.1,1.88,0.2,3.8,0.2,3.78,0.25
1.12,0.28,0.42,0.25,3.81,0.22,4.25,0.35,157.4,5.1,0.29,0.17,2.0,0.3,0.18,0.11,5.9,0.7,1.81,0.2,1.9,0.18,3.83,0.19,3.82,0.25
1.18,0.31,0.46,0.28,3.86,0.29,4.43,0.43,159.0,5.5,0.29,0.18,5.6,0.6,0.27,0.08,6.0,0.6,1.86,0.19,1.9,0.15,3.88,0.45,3.84,0.25
1.24,0.75,0.63,0.38,3.94,0.35,4.71,0.42,160.6,3.8,0.35,0.21,5.7,0.6,0.29,0.18,6.1,0.5,3.83,0.35,1.95,0.21,3.94,0.43,3.87,0.4
1.26,0.76,0.63,0.38,3.95,0.47,4.84,0.43,160.8,4.5,0.37,0.22,5.8,0.7,0.3,0.18,6.1,0.5,3.84,0.3,3.76,0.4,4.12,0.33,3.91,0.45
1.3,0.18,0.63,0.38,3.97,0.31,4.85,0.47,161.1,7.6,0.38,0.23,6.0,0.5,0.32,0.19,6.1,0.5,3.86,0.17,3.82,0.15,4.21,0.36,3.94,0.14
1.31,0.34,0.75,0.45,3.98,0.18,4.86,0.42,161.3,4.4,0.38,0.23,6.0,0.5,0.34,0.21,6.1,0.3,3.88,0.2,3.87,0.28,4.21,0.34,3.96,0.47
1.31,0.37,0.77,0.46,3.99,0.35,4.92,0.53,161.5,7.4,0.39,0.23,6.0,0.5,0.35,0.21,6.1,0.6,3.88,0.25,3.94,0.38,4.33,0.34,4.0,0.37
1.32,0.37,0.82,0.49,4.0,0.38,4.97,0.41,161.9,3.8,0.41,0.25,6.0,0.6,0.35,0.21,6.1,0.2,4.02,0.32,4.07,0.34,4.35,0.23,4.13,0.28
1.34,0.08,0.85,0.51,4.03,0.47,4.98,0.4,162.1,5.4,0.49,0.29,6.1,1.0,0.35,0.21,6.2,0.7,4.04,0.33,4.07,0.26,4.4,0.45,4.23,0.28
1.55,0.42,0.9,0.54,4.04,0.27,4.99,0.31,162.3,7.7,0.5,0.3,6.1,0.5,0.37,0.22,6.2,0.4,4.12,0.39,4.12,0.24,4.4,0.24,4.3,0.39
1.96,0.64,0.94,0.56,4.06,0.44,4.99,0.33,163.0,5.0,0.6,0.36,6.1,0.8,0.38,0.23,6.2,0.7,4.15,0.23,4.29,0.4,4.43,0.41,4.3,0.41
2.02,1.21,1.18,0.71,4.17,0.41,5.0,0.32,163.5,6.8,0.63,0.38,6.1,0.3,0.4,0.24,6.2,0.7,4.16,0.46,4.31,0.3,4.56,0.24,4.31,0.21
2.18,1.31,1.19,0.71,4.18,0.5,5.01,0.32,163.6,7.1,0.72,0.43,6.1,0.4,0.41,0.25,6.3,0.4,4.17,0.2,4.31,0.48,4.65,0.45,4.34,0.39
2.42,0.28,1.22,0.47,4.21,0.39,5.01,0.47,163.8,5.7,0.81,0.48,6.1,1.0,0.47,0.28,6.3,0.2,4.17,0.38,4.4,0.25,4.8,0.48,4.43,0.5
2.7,0.45,1.38,0.14,4.23,0.36,5.02,0.51,164.3,8.2,0.83,0.5,6.2,0.7,0.47,0.28,6.3,0.3,4.38,0.44,4.64,0.45,4.88,0.17,4.56,0.15
3.0,0.84,1.69,1.02,4.29,0.43,5.05,0.5,164.4,4.1,0.91,0.55,6.2,0.6,0.64,0.38,6.3,0.6,4.39,0.16,4.8,0.31,4.98,0.44,4.57,0.32
4.06,0.35,2.45,0.55,4.3,0.46,5.05,0.5,164.4,8.6,1.14,0.68,6.2,0.7,0.67,0.17,6.3,0.7,4.49,0.3,4.97,0.46,5.02,0.2,4.83,0.22
4.83,0.44,2.58,0.45,4.41,0.39,5.06,0.57,164.5,6.1,1.22,0.29,6.2,0.7,0.72,0.43,6.3,0.5,4.54,0.35,5.05,0.36,5.03,0.46,4.84,0.28
4.97,0.41,2.65,0.67,4.56,0.36,5.08,0.46,164.6,7.5,1.38,0.83,6.3,0.5,0.72,0.43,6.4,0.4,4.58,0.51,5.09,0.4,5.05,0.2,4.88,0.21
5.02,0.44,2.65,1.59,4.57,0.42,5.09,0.43,164.6,7.7,1.61,0.97,6.3,0.6,0.72,0.43,6.4,0.7,4.62,0.42,5.16,0.31,5.08,0.25,4.94,0.41
5.07,0.89,3.36,0.45,4.66,0.27,5.12,0.32,164.6,5.1,1.84,0.24,6.3,0.5,0.77,0.46,6.4,0.3,4.83,0.5,5.78,0.34,5.12,0.23,5.02,0.24
5.07,0.45,4.1,0.48,4.66,0.55,5.15,0.24,164.7,8.5,1.85,0.35,6.3,0.3,0.8,0.48,6.4,0.5,4.92,0.55,5.9,0.34,5.21,0.53,5.07,0.32
5.16,0.85,4.37,0.36,4.73,0.47,5.15,0.48,164.7,5.7,2.91,1.74,6.3,0.3,0.81,0.49,6.4,0.5,4.96,0.57,6.33,0.47,6.08,0.23,5.07,0.45
5.26,0.33,4.62,0.76,4.81,0.52,5.16,0.33,164.9,7.6,3.72,0.25,6.4,0.8,0.83,0.5,6.4,0.4,5.07,0.54,6.34,0.24,6.37,0.44,5.09,0.24
5.35,0.76,4.97,0.31,5.04,0.46,5.16,0.38,165.4,6.5,3.8,0.35,6.4,0.6,0.9,0.54,6.4,0.6,5.12,0.29,6.38,0.36,6.38,0.65,5.11,0.24
5.47,0.75,5.0,0.62,5.07,0.5,5.17,0.32,166.2,7.4,3.89,0.33,6.4,0.9,0.9,0.28,6.4,0.5,5.14,0.19,6.41,0.51,6.39,0.28,5.19,0.49
5.49,0.62,5.12,0.59,5.11,0.56,5.19,0.35,166.3,8.2,3.91,0.47,6.5,0.9,0.97,0.58,6.4,0.5,5.14,0.24,6.42,0.55,6.45,0.34,5.2,0.26
5.5,0.9,5.18,0.73,5.14,0.46,5.2,0.47,166.4,4.2,3.92,0.19,6.5,0.9,1.07,0.64,6.4,0.7,5.19,0.26,6.46,0.36,6.47,0.27,5.21,0.38
5.51,0.56,5.34,0.74,5.19,0.54,5.22,0.37,166.4,12.8,4.07,0.69,6.5,0.5,1.15,0.69,6.4,0.5,5.39,0.4,6.48,0.39,6.48,0.26,5.22,0.52
5.55,0.23,5.37,0.74,5.2,0.46,5.26,0.34,166.9,8.1,4.07,0.5,6.5,0.5,1.69,1.02,6.4,0.4,5.46,0.33,6.5,0.46,6.5,0.47,5.24,0.22
5.55,0.9,5.41,0.23,5.22,0.4,5.33,0.57,167.2,6.7,4.14,0.41,6.5,0.3,1.8,1.08,6.4,0.7,5.53,0.19,6.51,0.39,6.57,0.34,6.21,0.43
5.55,0.44,5.46,0.39,5.26,0.36,5.35,0.48,167.2,5.9,4.18,0.84,6.5,0.4,1.96,0.23,6.4,0.4,6.17,0.48,6.58,0.37,6.65,0.34,6.25,0.62
5.56,0.59,5.46,1.08,5.3,0.33,5.47,0.6,167.3,6.0,4.29,0.5,6.5,0.6,2.48,1.49,6.4,0.7,6.4,0.5,6.65,0.22,6.66,0.37,6.38,0.44
5.56,0.32,5.48,0.63,5.31,0.32,5.5,0.52,167.6,6.6,4.3,0.33,6.5,0.6,2.78,0.56,6.5,0.5,6.42,0.46,6.66,0.55,6.68,0.5,6.42,0.25
5.59,1.44,5.57,0.53,5.38,0.57,5.56,0.56,167.9,6.5,4.35,0.38,6.6,0.7,3.39,2.03,6.5,0.7,6.46,0.3,6.68,0.48,6.78,0.45,6.44,0.24
5.61,0.6,5.58,0.54,5.42,0.54,5.59,0.49,168.2,4.8,4.46,0.66,6.6,0.5,3.39,0.72,6.5,0.6,6.5,0.61,6.72,0.21,6.79,0.44,6.46,0.57
5.64,0.54,5.68,0.54,5.66,0.57,5.66,0.45,168.5,13.3,4.47,0.63,6.6,0.7,3.77,0.32,6.5,0.3,6.66,0.39,6.76,0.47,6.8,0.34,6.47,0.46
5.65,0.31,5.7,0.38,5.7,0.61,5.79,0.6,169.0,5.4,4.5,0.43,6.6,0.4,3.78,0.45,6.5,0.2,6.79,0.28,6.77,0.42,6.84,0.51,6.66,0.58
5.68,0.41,5.73,0.39,6.18,0.58,5.86,0.58,169.7,6.2,4.58,0.46,6.6,0.9,3.82,0.23,6.5,0.5,6.83,0.47,6.82,0.5,6.88,0.52,6.83,0.28
5.71,0.55,5.73,0.41,6.52,0.73,5.86,0.33,170.9,9.7,4.59,0.48,6.6,0.7,3.89,0.3,6.5,0.5,6.84,0.25,6.83,0.4,6.88,0.6,6.83,0.63
5.71,0.7,5.86,0.35,6.57,0.47,5.87,0.7,171.8,6.5,4.63,0.39,6.6,0.3,3.99,0.37,6.6,0.5,6.87,0.25,6.83,0.44,6.9,0.33,6.85,0.48
5.71,0.41,5.9,1.55,7.04,0.31,6.11,0.57,173.3,7.3,4.65,0.76,6.7,0.9,4.0,0.57,6.6,0.5,6.87,0.32,6.88,0.37,6.92,0.27,6.85,0.29
5.71,1.17,5.91,0.46,7.16,0.42,6.31,0.46,174.4,10.2,4.7,0.37,6.7,0.4,4.05,0.52,6.6,0.5,6.88,0.24,6.96,0.73,7.06,0.24,6.87,0.44
5.76,0.96,5.95,0.33,7.21,0.55,6.36,0.38,174.6,4.7,4.72,0.6,6.7,0.6,4.06,0.67,6.6,0.3,6.92,0.4,7.0,0.68,7.06,0.43,6.89,0.46
5.77,0.41,6.16,0.8,7.24,0.4,6.37,0.59,174.6,8.3,4.75,0.47,6.7,0.8,4.08,0.67,6.6,0.6,6.96,0.48,7.04,0.78,7.1,0.35,6.92,0.49
5.8,0.28,6.2,0.64,7.37,0.84,6.59,0.7,175.1,8.5,4.76,0.43,6.7,0.9,4.12,0.58,6.6,0.6,6.98,0.66,7.07,0.41,7.12,0.42,6.97,0.63
5.84,0.91,6.22,0.55,7.4,0.49,6.63,0.73,175.3,8.0,4.85,0.33,6.8,0.7,4.12,0.31,6.7,0.7,6.98,0.29,7.14,0.29,7.18,0.48,6.98,0.48
5.92,1.32,6.3,0.54,7.43,0.6,6.63,0.78,175.4,11.8,4.89,0.4,6.8,0.6,4.16,0.72,6.7,0.3,7.08,0.57,7.15,0.53,7.18,0.28,7.02,0.72
5.93,0.76,6.31,1.21,7.44,0.56,6.67,0.6,179.5,9.5,4.95,0.54,6.8,0.8,4.17,0.46,6.7,0.5,7.09,0.67,7.16,0.66,7.19,0.35,7.08,0.33
5.93,0.65,6.33,0.26,7.52,0.36,6.73,0.38,181.9,8.5,4.97,0.7,6.8,0.7,4.22,0.43,6.7,0.7,7.12,0.55,7.2,0.48,7.22,0.41,7.09,0.39
5.95,0.82,6.34,0.56,7.54,0.54,6.75,0.53,183.9,5.7,4.98,0.39,6.8,0.5,4.27,0.33,6.7,0.5,7.19,0.8,7.25,0.66,7.22,0.32,7.14,0.58
5.97,0.57,6.45,0.67,7.57,0.78,6.81,0.66,232.8,9.1,4.99,0.37,6.8,0.2,4.31,0.57,6.7,0.8,7.19,0.19,7.26,0.55,7.28,0.23,7.19,0.29
5.98,0.46,6.64,0.55,7.59,0.84,6.82,0.35,236.3,16.1,5.0,0.34,6.8,1.0,4.34,0.53,6.7,0.5,7.21,0.5,7.26,0.48,7.29,0.23,7.21,0.35
5.98,0.36,6.66,0.39,7.6,0.51,6.85,0.32,242.8,12.1,5.03,0.47,6.8,0.5,4.35,0.76,6.7,0.7,7.22,0.33,7.27,0.34,7.3,0.41,7.22,0.39
6.04,0.37,6.75,4.05,7.64,0.3,6.87,0.45,254.0,12.7,5.04,0.33,6.8,0.4,4.44,0.85,6.7,0.7,7.22,0.4,7.37,0.54,7.31,0.47,7.23,0.45
6.06,0.56,6.89,0.43,7.67,0.54,6.9,0.55,289.9,9.7,5.06,0.27,6.8,0.4,4.48,0.31,6.7,0.4,7.23,0.58,7.37,0.38,7.34,0.31,7.23,0.39
6.07,0.59,6.9,0.61,7.76,0.88,7.0,0.73,291.4,14.0,5.09,0.69,6.8,0.3,4.48,0.4,6.8,0.8,7.28,0.39,7.42,0.51,7.37,0.24,7.26,0.46
6.08,0.38,6.92,0.79,7.79,0.28,7.03,0.47,292.6,9.1,5.1,0.6,6.9,0.7,4.49,0.34,6.8,0.6,7.3,0.2,7.48,0.66,7.39,0.37,7.28,0.66
6.09,0.38,6.99,0.59,7.84,0.49,7.12,0.7,293.2,14.4,5.13,0.64,6.9,0.5,4.62,0.49,6.8,0.5,7.32,0.44,7.48,0.48,7.41,0.54,7.31,0.59
6.1,1.0,7.01,0.9,7.89,0.42,7.18,0.37,294.7,11.1,5.15,0.32,6.9,0.8,4.62,0.62,6.8,0.8,7.34,0.33,7.53,0.46,7.44,0.26,7.34,0.86
6.17,0.91,7.04,0.39,7.94,0.59,7.19,0.86,296.6,13.2,5.15,0.32,6.9,0.4,4.65,0.45,6.8,0.4,7.41,0.34,7.53,0.5,7.46,0.52,7.4,0.41
6.18,0.83,7.05,0.51,7.96,0.67,7.3,0.73,297.1,9.4,5.16,0.3,6.9,0.4,4.67,0.29,6.9,0.5,7.43,0.74,7.58,0.54,7.5,0.54,7.41,0.61
6.2,0.57,7.31,0.43,7.97,0.58,7.31,0.69,297.1,11.4,5.17,0.59,6.9,0.4,4.7,0.32,6.9,0.5,7.44,0.28,7.64,0.57,7.55,0.35,7.42,0.35
6.25,0.72,7.34,0.7,7.97,0.38,7.32,0.3,297.5,7.7,5.2,0.48,6.9,0.7,4.74,0.45,6.9,0.8,7.44,0.68,7.65,0.47,7.56,0.59,7.54,0.66
6.34,0.79,7.4,0.46,7.98,0.68,7.33,0.71,297.8,7.9,5.2,0.4,6.9,0.6,4.87,0.5,6.9,0.5,7.46,0.43,7.68,0.35,7.62,0.55,7.55,0.4
6.39,0.46,7.43,0.91,8.0,0.7,7.33,0.51,297.9,18.9,5.2,0.36,6.9,0.3,4.92,0.52,6.9,0.4,7.47,0.47,7.73,0.61,7.63,0.43,7.55,0.41
6.39,0.53,7.43,0.81,8.01,0.4,7.35,0.47,297.9,11.1,5.2,0.56,6.9,0.4,4.94,0.45,6.9,0.6,7.51,0.51,7.75,0.45,7.66,0.84,7.56,0.36
6.42,0.62,7.48,0.67,8.02,0.62,7.39,0.69,298.1,7.2,5.2,0.51,6.9,0.4,4.95,0.31,6.9,0.7,7.51,0.32,7.76,0.43,7.7,0.34,7.59,0.24
6.56,0.55,7.49,0.39,8.04,0.52,7.4,0.5,299.2,8.8,5.23,0.32,7.0,0.6,5.0,0.5,6.9,0.6,7.54,0.29,7.76,0.2,7.71,0.29,7.62,0.22
6.7,0.38,7.52,0.74,8.04,0.62,7.42,0.62,299.4,11.1,5.25,0.31,7.0,0.6,5.01,0.4,7.0,0.4,7.6,0.45,7.79,0.54,7.72,0.37,7.63,0.51
6.86,0.57,7.52,0.82,8.06,0.57,7.42,0.35,299.4,11.3,5.27,0.52,7.0,0.6,5.01,0.35,7.0,0.6,7.61,0.32,7.79,0.41,7.73,0.26,7.64,0.42
6.89,0.64,7.63,0.56,8.14,0.91,7.44,0.51,299.5,19.2,5.3,0.56,7.0,1.0,5.01,0.18,7.0,0.6,7.64,0.35,7.79,0.39,7.79,0.29,7.66,0.51
6.97,0.36,7.66,0.51,8.14,0.41,7.44,0.61,299.6,10.6,5.56,0.29,7.0,0.6,5.02,0.56,7.0,0.6,7.65,0.46,7.82,0.46,7.85,0.23,7.68,0.19
7.02,0.57,7.71,1.16,8.15,0.63,7.45,0.69,299.8,11.7,5.57,0.34,7.0,0.7,5.07,0.31,7.0,0.5,7.68,0.35,7.83,0.38,7.88,0.39,7.71,0.4
7.24,0.52,7.93,0.88,8.17,0.8,7.46,0.45,300.0,10.9,5.6,0.87,7.0,0.4,5.08,0.66,7.0,0.7,7.7,0.32,7.83,0.49,7.95,0.31,7.71,0.69
7.31,1.15,8.18,1.55,8.18,0.64,7.46,0.67,300.1,12.5,5.63,1.14,7.0,0.6,5.09,0.5,7.0,0.8,7.73,0.37,7.84,0.43,7.95,0.43,7.79,0.37
7.35,0.42,8.57,0.92,8.2,0.76,7.47,0.52,300.2,13.0,5.81,0.33,7.0,0.9,5.1,0.44,7.0,0.6,7.74,0.43,7.87,0.37,8.06,0.31,7.81,0.76
7.36,0.35,8.89,0.77,8.24,0.83,7.5,0.43,300.4,13.2,6.03,0.61,7.0,0.4,5.1,0.47,7.0,0.5,7.75,0.47,8.01,0.55,8.07,0.57,7.82,0.62
7.36,0.92,8.91,1.39,8.27,0.5,7.56,0.53,300.4,9.3,6.04,0.75,7.0,0.4,5.12,0.37,7.0,0.8,7.79,0.32,8.07,0.6,8.14,0.68,7.85,0.39
7.48,0.96,9.0,1.18,8.33,0.55,7.58,0.28,300.4,11.7,6.05,0.55,7.0,0.6,5.13,0.38,7.0,0.5,7.8,0.53,8.1,0.46,8.21,0.44,7.86,0.45
7.5,0.63,9.1,1.1,8.33,0.73,7.61,0.71,300.5,11.0,6.06,0.59,7.0,0.4,5.15,0.54,7.0,0.7,7.84,0.46,8.17,0.33,8.22,0.4,7.88,0.54
7.53,0.67,9.14,0.84,8.36,0.73,7.61,0.63,300.6,15.7,6.13,0.84,7.0,0.8,5.16,0.57,7.0,0.7,7.89,0.25,8.22,0.5,8.23,0.43,7.88,0.29
7.56,0.48,9.14,1.89,8.44,0.73,7.62,0.5,300.7,13.9,6.14,0.54,7.0,0.5,5.16,0.6,7.0,0.7,7.89,0.4,8.23,0.46,8.29,0.36,7.89,0.54
7.58,0.6,9.17,0.88,8.51,0.6,7.65,0.46,300.9,12.9,6.26,0.59,7.1,0.6,5.19,0.47,7.1,0.8,7.92,0.48,8.26,0.51,8.3,0.36,7.89,0.4
7.61,1.0,9.31,0.74,8.55,0.69,7.66,0.46,301.0,11.8,6.29,0.43,7.1,0.4,5.19,0.26,7.1,0.4,7.92,0.7,8.39,0.29,8.32,0.27,7.9,0.35
7.61,0.78,9.34,1.01,8.56,0.41,7.7,0.5,301.2,6.9,6.43,0.46,7.1,0.5,5.2,0.46,7.1,0.5,7.94,0.31,8.46,0.52,8.37,0.48,7.92,0.33
7.63,0.26,9.41,1.14,8.62,0.68,7.72,0.77,301.3,10.3,6.49,0.64,7.1,1.1,5.21,0.54,7.1,0.3,7.96,0.29,8.47,0.36,8.39,0.43,7.92,0.52
7.63,0.2,9.46,0.97,8.62,0.97,7.73,0.6,301.6,8.8,6.51,0.6,7.1,0.6,5.22,0.33,7.1,0.6,7.98,0.65,8.48,0.42,8.48,0.85,7.95,0.42
7.66,0.49,9.5,0.57,8.67,0.78,7.76,0.48,301.6,12.5,6.52,0.61,7.2,0.9,5.27,0.87,7.1,0.6,8.0,0.57,8.51,0.44,8.52,0.41,8.01,0.46
7.66,0.75,9.53,0.97,8.68,0.43,7.79,0.49,301.7,9.9,6.56,0.6,7.2,0.5,5.28,0.43,7.1,0.4,8.03,0.38,8.56,0.69,8.53,0.44,8.02,0.45
7.67,0.32,9.57,0.67,8.79,0.78,7.79,0.81,302.0,11.0,6.61,0.78,7.2,0.6,5.31,0.37,7.1,0.6,8.05,0.49,8.57,0.62,8.56,0.88,8.03,0.86
7.67,0.55,9.6,0.87,8.79,0.97,7.86,0.5,302.0,14.1,6.64,0.65,7.2,0.3,5.33,0.43,7.1,0.4,8.16,0.65,8.59,0.69,8.59,0.73,8.07,0.44
7.69,0.39,9.62,1.11,8.87,0.88,7.87,0.55,302.2,10.0,6.65,0.74,7.2,0.4,5.37,0.71,7.2,0.6,8.21,0.28,8.66,0.49,8.64,0.51,8.09,0.43
7.69,0.74,9.65,1.13,8.88,0.91,7.9,0.53,302.3,10.8,6.66,0.51,7.2,0.5,5.39,0.41,7.2,0.6,8.24,0.24,8.69,0.61,8.72,0.4,8.14,0.68
7.7,0.5,9.66,0.75,8.89,0.92,7.92,0.71,302.4,12.7,6.73,0.37,7.2,0.3,5.41,0.59,7.2,0.8,8.3,0.47,8.95,0.7,8.91,0.38,8.16,0.45
7.71,0.72,9.69,1.46,8.93,0.65,7.92,0.59,302.5,12.5,6.78,0.55,7.3,0.6,5.42,0.37,7.2,0.5,8.36,0.31,9.02,0.5,8.98,0.31,8.19,0.39
7.73,0.79,9.71,0.84,8.97,0.63,7.93,0.94,302.6,11.1,6.83,0.92,7.4,0.4,5.43,0.87,7.2,0.5,8.36,0.59,9.04,0.56,9.21,0.34,8.3,0.55
7.79,0.86,9.73,0.67,9.0,0.99,7.94,0.75,302.6,12.0,6.84,0.78,7.4,0.9,5.5,0.6,7.2,0.8,8.38,0.61,9.23,0.66,9.23,0.57,8.31,0.69
7.83,0.62,9.93,1.72,9.04,0.64,7.97,0.53,302.6,13.6,6.86,0.62,7.4,0.4,5.54,0.7,7.2,0.3,8.38,0.96,9.25,0.65,9.28,0.42,8.33,0.52
7.85,0.55,10.0,0.5,9.08,0.39,7.98,0.49,302.7,12.6,6.87,0.46,7.5,0.3,5.57,0.45,7.2,0.4,8.42,0.51,9.32,0.65,9.34,0.91,8.33,0.55
7.89,0.43,10.0,1.0,9.08,0.99,7.99,0.78,302.7,10.2,6.89,0.71,7.6,0.5,5.58,0.41,7.2,0.6,8.42,0.21,9.34,0.62,9.34,0.39,8.49,0.64
7.9,0.45,10.2,1.5,9.12,0.9,8.01,0.57,302.9,9.5,6.92,0.6,7.6,0.7,5.63,0.5,7.3,0.3,8.43,0.49,9.39,0.69,9.36,0.58,8.53,0.65
7.91,0.78,10.2,0.8,9.41,0.53,8.03,0.7,303.0,8.3,6.94,0.71,7.6,0.8,5.74,0.47,7.3,0.8,8.5,0.38,9.44,1.02,9.4,0.74,8.53,0.5
7.91,0.76,10.6,0.7,9.55,0.83,8.03,0.62,303.0,12.2,6.98,0.87,7.7,0.6,5.92,0.56,7.3,0.6,8.5,0.35,9.44,0.83,9.46,0.79,8.54,0.43
7.98,0.72,10.8,1.8,9.62,0.64,8.04,0.49,303.1,8.1,6.98,0.46,7.7,0.7,5.94,0.37,7.3,0.8,8.53,0.4,9.48,0.45,9.46,0.45,8.56,0.45
7.98,0.56,11.1,1.1,9.72,0.54,8.06,0.76,303.2,16.0,7.03,0.45,7.7,0.5,6.12,0.45,7.3,0.5,8.54,0.44,9.49,0.43,9.47,0.78,8.56,0.47
8.02,0.69,11.2,1.3,9.73,0.56,8.07,0.72,303.3,10.2,7.06,0.56,7.8,1.3,6.19,0.85,7.3,0.5,8.59,0.49,9.5,0.37,9.59,0.41,8.58,0.53
8.03,0.71,11.3,1.2,9.83,0.83,8.07,0.95,303.3,12.8,7.06,0.46,7.8,0.4,6.37,1.87,7.3,0.8,8.6,0.64,9.56,0.32,9.59,0.77,8.59,0.38
8.04,0.84,11.4,1.7,9.83,0.83,8.08,0.93,303.3,9.9,7.12,0.89,7.9,1.3,6.43,0.58,7.4,0.6,8.61,0.28,9.58,0.37,9.62,0.89,8.62,0.64
8.08,0.52,11.6,1.2,9.83,0.49,8.13,0.84,303.4,12.9,7.13,1.17,8.0,0.8,6.45,0.62,7.4,0.4,8.63,0.4,9.59,0.49,9.64,0.31,8.67,0.37
8.09,0.9,12.0,1.3,9.89,0.54,8.13,0.32,303.4,11.6,7.15,0.49,8.0,0.6,6.49,0.41,7.4,0.7,8.63,0.24,9.65,0.5,9.64,0.38,8.72,0.8
8.1,0.84,12.0,0.9,9.94,1.01,8.14,0.81,303.5,8.3,7.15,1.27,8.1,0.6,7.0,0.39,7.4,0.6,8.64,0.26,9.66,0.61,9.65,0.92,8.73,0.49
8.11,1.1,12.4,1.9,10.1,0.7,8.17,0.56,303.5,6.8,7.16,0.56,8.3,0.8,7.03,0.6,7.4,0.6,8.66,0.77,9.67,0.62,9.68,0.66,8.91,0.45
8.13,0.78,12.4,0.7,10.1,0.6,8.18,0.66,303.5,10.3,7.2,0.67,8.6,0.9,7.06,0.63,7.4,0.5,8.72,0.46,9.67,0.48,9.69,0.51,8.92,0.6
8.14,0.65,12.6,1.5,10.5,0.8,8.21,0.48,303.7,10.4,7.24,0.42,8.6,1.3,7.08,0.34,7.4,0.5,8.74,0.57,9.7,0.81,9.7,0.87,8.93,0.82
8.17,0.75,12.7,1.0,10.5,1.0,8.23,0.48,303.9,9.8,7.26,0.69,8.6,1.1,7.14,0.55,7.4,0.5,8.76,0.54,9.71,0.54,9.73,0.79,8.97,0.71
8.28,0.9,12.9,1.6,10.5,1.2,8.32,0.91,304.0,8.6,7.27,0.7,8.7,0.7,7.16,0.97,7.4,0.7,8.84,0.55,9.71,0.68,9.76,0.61,8.99,0.49
8.3,0.63,13.1,1.4,10.7,1.1,8.35,0.93,304.2,14.4,7.32,0.81,8.8,1.0,7.18,0.5,7.4,0.3,8.9,0.82,9.72,0.55,9.76,0.71,9.06,0.36
8.37,0.86,13.1,0.7,10.7,0.7,8.37,0.65,304.4,9.7,7.32,0.68,9.0,1.0,7.21,0.45,7.4,0.7,9.04,0.62,9.72,0.73,9.77,0.33,9.09,0.9
8.67,0.76,13.7,1.6,11.3,0.7,8.42,0.85,304.5,13.1,7.33,0.41,9.0,0.8,7.24,0.93,7.5,0.7,9.2,0.55,9.74,0.81,9.77,0.53,9.12,0.57
8.7,0.56,14.1,1.5,17.2,0.9,8.47,0.69,304.6,9.9,7.34,0.7,9.0,0.9,7.3,0.36,7.5,0.5,9.25,0.61,9.74,0.7,9.77,0.73,9.19,0.53
8.86,0.63,14.1,1.6,17.6,0.7,8.48,0.45,304.7,10.2,7.36,0.79,9.0,0.5,7.31,0.46,7.5,0.5,9.26,0.36,9.74,0.81,9.78,0.6,9.21,0.52
8.88,1.03,14.2,2.2,17.8,1.0,8.49,1.01,304.8,15.0,7.37,0.71,9.1,1.2,7.32,0.65,7.5,0.4,9.29,0.82,9.78,0.63,9.96,0.77,9.26,0.61
8.93,1.22,14.2,3.2,18.1,0.7,8.5,0.47,304.8,11.0,7.4,0.85,9.2,1.0,7.35,0.35,7.5,0.7,9.3,0.38,9.78,0.84,10.2,0.9,9.32,0.5
8.93,1.01,14.2,1.6,18.2,0.6,8.51,0.64,304.9,13.7,7.44,0.44,9.2,0.5,7.4,0.48,7.5,0.5,9.38,0.54,9.81,0.81,10.2,0.4,9.33,0.67
8.95,0.56,14.3,3.2,18.2,1.5,8.55,0.52,304.9,9.9,7.46,0.82,9.3,0.7,7.43,0.38,7.5,0.9,9.45,0.87,9.81,0.52,10.3,0.5,9.34,0.78
8.95,0.48,14.3,1.0,18.2,1.1,8.58,0.7,305.0,14.0,7.47,0.43,9.3,0.9,7.44,0.97,7.5,0.8,9.5,0.29,9.89,0.61,10.3,0.6,9.36,0.9
9.0,1.14,14.4,0.8,18.2,0.7,8.6,0.93,305.1,17.5,7.51,0.8,9.3,0.7,7.45,0.76,7.5,0.5,9.54,0.48,9.9,0.7,10.4,0.6,9.37,0.39
9.03,0.67,14.4,1.0,18.2,1.0,8.61,0.64,305.5,13.1,7.64,0.37,9.3,0.4,7.5,0.88,7.5,0.6,9.56,0.83,9.92,0.56,10.5,0.8,9.38,0.74
9.2,1.27,14.5,0.6,18.3,1.5,8.63,0.72,305.6,9.5,7.66,0.47,9.3,0.6,7.51,0.75,7.5,0.7,9.6,0.59,9.93,0.49,10.5,0.9,9.41,0.49
9.22,0.56,14.5,1.3,18.3,1.3,8.67,0.81,305.6,16.3,7.72,0.57,9.4,1.2,7.51,0.71,7.5,0.6,9.61,0.56,10.0,0.9,10.5,0.6,9.44,0.47
9.24,0.69,14.6,1.0,18.4,0.7,8.73,0.66,305.6,9.4,7.75,0.42,9.4,0.6,7.54,0.34,7.6,0.5,9.65,0.62,10.0,0.8,11.1,0.5,9.45,0.65
9.25,0.51,14.7,1.2,18.7,1.0,8.84,0.91,305.8,15.5,7.77,0.92,9.4,1.1,7.55,0.34,7.6,0.7,9.65,0.76,10.1,0.5,11.4,0.5,9.47,0.52
9.3,0.98,14.8,0.9,18.8,0.7,8.87,0.45,305.9,15.5,7.79,2.72,9.4,0.9,7.55,0.61,7.6,0.8,9.66,0.46,10.2,0.6,12.2,0.5,9.47,0.78
9.39,0.91,14.9,1.9,18.8,0.8,8.9,0.74,306.1,8.4,7.8,0.29,9.4,1.0,7.56,0.34,7.7,0.7,9.67,0.7,10.3,0.9,12.8,0.6,9.48,0.83
9.42,0.64,14.9,0.9,18.9,1.3,9.01,0.95,306.2,12.0,7.83,0.62,9.4,0.6,7.56,0.88,7.7,0.6,9.71,0.55,10.3,0.8,12.9,0.5,9.51,0.57
9.47,1.56,15.0,1.1,19.1,0.7,9.1,0.74,306.2,11.1,7.84,0.64,9.6,0.5,7.58,0.34,7.7,0.8,9.73,0.4,10.3,0.6,13.0,0.9,9.51,1.13
9.47,0.8,15.1,1.3,19.3,0.9,9.12,0.78,306.2,14.3,7.85,0.42,9.6,0.8,7.58,0.41,7.7,0.8,9.73,0.8,10.4,1.0,13.1,0.6,9.53,0.51
9.55,0.97,15.2,2.3,19.3,0.9,9.16,1.07,306.4,12.6,7.88,0.7,9.6,1.4,7.64,0.32,7.7,0.9,9.74,0.4,11.2,0.7,13.3,1.5,9.54,0.38
9.63,1.1,15.3,0.8,20.0,1.3,9.18,0.99,306.4,8.9,7.93,0.61,9.6,1.2,7.65,0.6,7.8,0.6,9.75,0.51,12.0,0.4,13.5,0.5,9.54,0.27
9.64,0.42,15.3,1.0,20.0,1.0,9.22,0.79,306.5,11.2,7.95,0.73,9.6,1.0,7.69,0.5,7.8,0.7,9.82,0.84,12.0,0.3,13.6,0.8,9.59,0.57
9.65,1.12,15.4,1.4,20.4,2.1,9.26,0.7,306.5,11.6,7.97,0.7,9.7,0.7,7.74,0.54,7.8,0.3,9.82,0.65,12.2,0.4,13.6,0.5,9.6,0.63
9.7,1.44,15.4,1.6,20.7,2.2,9.27,0.68,306.6,10.6,7.97,0.6,9.7,1.0,7.79,0.6,7.8,0.8,9.86,0.49,13.4,0.5,13.7,0.7,9.6,0.47
9.7,1.28,15.7,1.6,39.3,2.5,9.28,0.88,306.6,11.3,7.98,0.94,9.7,1.3,7.81,0.32,7.9,0.9,9.86,0.33,13.5,1.3,13.7,0.6,9.72,0.75
9.79,0.27,15.8,1.5,70.8,3.0,9.43,0.5,307.0,13.5,8.0,0.5,9.8,1.1,7.84,0.69,7.9,0.7,9.87,1.06,13.7,1.1,13.7,1.2,9.74,1.09
9.81,0.9,15.8,0.6,146.7,6.0,9.5,1.02,307.0,10.4,8.0,0.62,9.8,0.8,7.87,0.87,7.9,0.8,9.93,0.35,13.8,0.5,13.9,1.4,9.74,0.62
9.83,1.04,15.9,0.9,147.3,10.7,9.55,0.75,307.1,12.8,8.01,0.79,9.8,0.8,7.88,0.33,8.0,0.4,10.0,0.5,13.9,0.6,14.0,0.8,9.94,0.31
9.9,0.43,16.0,1.1,148.6,6.1,9.72,0.79,307.1,10.4,8.02,0.42,9.9,0.9,7.89,0.48,8.0,0.8,10.3,0.5,14.1,0.4,14.2,0.8,9.99,0.56
9.92,1.05,16.0,0.9,150.0,6.3,9.74,0.53,307.1,10.5,8.03,0.72,9.9,0.4,7.91,0.84,8.1,0.7,10.4,0.8,14.2,0.7,14.2,0.8,10.0,0.9
9.93,1.14,16.1,1.0,1204.1,60.9,9.76,0.87,307.1,10.6,8.03,0.58,9.9,0.7,8.03,0.57,8.1,0.4,10.5,0.7,14.2,1.1,14.3,1.4,10.1,0.9
10.1,0.9,16.3,1.2,,,9.78,0.68,307.2,10.5,8.05,0.9,9.9,1.0,8.04,1.55,8.1,0.7,10.6,0.7,14.2,0.6,14.6,0.7,10.2,0.4
10.2,0.8,16.7,0.8,,,9.82,0.54,307.2,19.2,8.08,0.46,9.9,1.0,8.06,0.69,8.2,0.4,11.2,0.4,14.3,0.5,14.7,1.4,10.2,0.4
10.2,0.7,16.7,1.8,,,9.88,0.54,307.2,11.5,8.09,0.57,10.0,0.8,8.07,0.51,8.3,0.8,11.4,0.5,14.4,1.2,14.9,1.2,10.2,0.4
10.5,1.2,16.8,1.3,,,9.93,0.8,307.5,11.7,8.09,0.7,10.0,1.7,8.08,0.72,8.4,0.7,11.6,0.7,14.4,0.6,15.0,1.3,10.5,0.5
10.9,1.8,16.8,1.0,,,10.1,0.6,307.6,10.5,8.14,0.43,10.0,0.9,8.12,0.5,8.5,0.6,11.9,0.6,14.5,0.8,15.0,1.4,11.0,0.7
10.9,1.2,16.8,1.2,,,10.1,0.5,307.6,11.2,8.15,0.81,10.0,1.0,8.16,1.03,8.5,0.7,12.3,0.5,14.6,1.5,15.1,1.0,11.7,0.7
11.1,6.6,16.8,0.8,,,10.3,0.7,307.6,13.0,8.16,0.85,10.1,1.0,8.18,0.71,9.4,1.0,12.3,0.5,14.6,1.4,16.1,0.7,11.8,0.7
11.6,7.0,16.9,1.2,,,10.4,0.8,307.7,11.2,8.2,0.54,10.2,1.4,8.19,0.63,9.6,0.7,12.9,0.4,14.9,0.7,16.8,0.9,12.5,0.5
11.8,2.7,17.0,1.3,,,10.4,1.0,307.9,12.2,8.27,0.6,10.2,0.5,8.2,0.56,9.7,0.5,12.9,0.9,15.2,1.0,16.9,0.7,13.1,0.4
11.9,2.7,17.0,1.6,,,10.4,1.0,308.2,11.0,8.31,0.72,10.3,0.8,8.2,0.58,9.7,0.7,13.1,0.4,15.6,1.4,17.1,1.0,13.8,1.1
12.4,1.1,17.0,0.7,,,10.5,1.0,308.2,11.0,8.35,0.72,10.5,0.8,8.21,0.69,9.7,0.7,13.1,0.5,16.5,0.4,17.6,0.8,13.9,0.7
13.0,0.8,17.0,0.8,,,10.6,1.0,308.2,14.1,8.38,0.73,10.6,1.6,8.23,0.83,9.7,0.8,13.6,0.7,17.8,1.0,17.8,0.8,14.0,0.7
13.0,1.6,17.1,0.9,,,10.7,0.9,308.3,11.0,8.38,0.65,10.8,1.7,8.23,1.21,9.8,0.7,13.7,0.6,18.2,0.6,18.0,0.6,14.0,1.0
13.8,1.6,17.1,1.1,,,10.7,1.2,308.6,10.6,8.38,0.64,10.9,0.6,8.23,1.46,9.8,0.6,13.8,0.8,18.3,0.6,18.4,1.1,14.1,0.7
14.3,1.1,17.1,1.9,,,10.9,1.1,308.7,15.0,8.38,0.37,11.3,0.3,8.24,0.62,9.8,0.7,13.8,0.6,18.4,1.0,18.4,1.0,14.3,1.5
14.3,1.4,17.1,1.1,,,11.0,1.0,308.8,9.1,8.41,0.56,11.8,0.5,8.24,0.65,9.8,0.7,13.9,0.8,18.7,0.6,18.6,0.5,14.5,1.5
14.4,1.1,17.2,0.9,,,11.4,1.2,308.8,17.9,8.44,0.85,11.8,1.3,8.27,0.4,9.9,0.6,13.9,0.8,19.1,1.0,18.6,0.8,14.5,1.0
14.5,1.8,17.3,1.3,,,12.3,0.5,308.8,11.7,8.44,0.51,11.8,0.6,8.28,0.53,9.9,0.9,14.0,0.5,19.4,1.1,18.7,0.7,14.6,0.4
14.5,1.7,17.3,1.0,,,12.9,1.0,308.9,10.0,8.49,0.77,12.0,0.5,8.29,0.52,9.9,0.8,14.1,0.8,19.4,1.0,18.7,1.5,15.4,0.5
14.7,0.8,17.4,1.1,,,13.2,1.4,309.0,17.5,8.52,0.43,12.0,0.6,8.29,0.7,9.9,0.4,14.2,0.5,19.4,0.4,18.8,0.9,15.7,0.8
14.9,0.5,17.4,1.1,,,13.3,1.1,309.1,10.1,8.52,0.6,12.1,1.0,8.36,0.55,10.0,0.5,14.4,0.8,19.5,0.6,18.9,1.0,16.3,0.9
15.1,1.5,17.4,1.7,,,14.1,0.9,309.4,17.7,8.53,1.35,12.2,0.7,8.4,0.6,10.0,0.8,14.4,0.4,19.6,1.0,19.0,0.6,16.3,0.9
16.3,1.2,17.4,1.1,,,14.2,0.8,309.4,9.0,8.53,1.07,12.4,0.7,8.43,0.5,10.0,0.4,14.6,0.4,19.7,1.1,19.1,0.9,16.7,0.5
16.4,1.0,17.5,1.0,,,14.2,0.7,309.4,9.5,8.54,0.96,12.5,1.0,8.44,0.79,10.0,0.7,14.7,0.8,19.9,1.2,19.2,0.8,17.0,0.5
16.5,2.0,17.5,1.6,,,14.5,0.7,309.5,8.9,8.57,0.51,13.3,1.5,8.44,0.45,10.1,0.9,15.2,1.4,20.0,1.2,19.3,0.7,17.4,0.6
16.8,1.2,17.6,1.0,,,15.5,1.4,309.5,11.9,8.61,0.29,13.3,1.3,8.48,0.7,10.1,0.9,15.2,0.3,20.0,1.2,19.6,0.8,18.1,0.5
17.1,0.6,17.6,2.5,,,15.6,1.0,309.6,15.1,8.63,1.07,13.4,1.2,8.48,0.73,10.1,1.2,15.4,0.6,20.2,1.2,19.6,1.6,18.3,0.8
17.1,0.8,17.6,1.3,,,16.4,1.3,309.7,9.2,8.7,0.89,13.4,1.3,8.58,0.43,10.2,0.9,15.6,0.7,20.3,0.9,19.6,0.5,18.4,0.6
17.2,1.2,17.6,2.4,,,16.5,1.8,309.9,11.1,8.7,0.91,13.4,2.2,8.6,0.65,10.3,0.9,15.7,0.6,20.4,1.2,19.6,0.5,18.4,0.7
17.3,0.7,17.7,1.5,,,16.9,1.2,309.9,10.7,8.71,0.97,13.5,1.0,8.63,0.83,10.4,0.7,16.4,1.0,20.8,1.6,19.7,1.4,18.5,0.6
17.4,1.1,17.7,1.3,,,17.7,0.8,310.1,7.9,8.72,0.44,13.7,0.8,8.63,0.7,10.4,0.6,16.8,0.4,21.0,1.4,19.7,1.2,18.5,0.6
17.5,1.1,17.7,0.9,,,18.4,1.8,310.6,12.1,8.72,0.74,13.7,0.6,8.65,0.47,10.4,0.7,16.8,1.0,70.7,2.6,20.3,1.4,18.5,0.5
17.5,1.2,17.8,1.6,,,18.5,1.1,310.9,13.3,8.76,0.83,13.8,0.7,8.65,0.85,10.4,0.7,16.9,1.2,83.0,2.6,20.4,1.1,18.6,0.6
17.5,1.6,17.9,1.5,,,18.6,0.9,310.9,8.0,8.78,0.77,13.8,1.3,8.65,0.35,10.5,0.5,17.0,0.6,83.3,3.0,20.5,0.6,18.8,0.7
17.5,1.3,17.9,1.0,,,77.4,6.0,310.9,8.9,8.79,0.76,14.0,1.0,8.66,1.15,10.5,1.0,17.0,0.8,84.2,3.5,20.5,1.0,19.0,0.8
17.6,1.5,17.9,1.2,,,88.7,5.8,311.1,11.8,8.79,0.69,14.0,0.9,8.68,0.57,10.5,0.6,17.5,0.6,87.5,2.3,20.7,1.4,19.1,0.9
17.6,1.0,17.9,1.8,,,89.9,9.2,311.3,16.5,8.89,1.23,14.0,1.2,8.71,0.74,10.5,0.7,17.6,0.7,88.1,4.7,20.7,1.3,19.1,1.1
17.7,1.9,18.0,1.7,,,91.0,4.6,311.3,11.1,8.89,0.59,14.0,1.9,8.74,0.98,10.6,0.9,17.7,0.8,90.0,3.1,21.4,1.0,19.3,0.6
17.9,1.0,18.0,1.4,,,93.0,4.7,311.4,9.7,8.9,0.85,14.0,0.9,8.77,0.88,10.6,1.0,17.8,1.3,92.6,7.2,21.7,1.1,19.4,0.9
18.0,1.2,18.0,1.5,,,95.5,4.2,311.4,10.6,8.99,0.63,14.0,0.9,8.81,0.76,10.7,1.1,18.1,1.6,93.2,4.0,23.4,1.2,19.4,1.2
18.1,0.8,18.0,1.9,,,98.7,7.1,311.5,13.7,9.03,0.91,14.0,1.4,8.81,0.51,12.7,0.6,18.4,0.9,93.8,3.2,37.9,1.3,19.4,1.1
18.2,0.7,18.1,2.1,,,99.2,7.8,311.5,10.4,9.15,0.8,14.0,1.3,8.81,0.64,12.8,1.5,18.4,1.2,95.0,3.9,73.0,3.0,19.4,1.1
18.2,1.2,18.1,0.8,,,99.5,4.9,311.5,10.3,9.18,0.76,14.1,0.9,8.81,1.01,13.3,1.0,18.5,0.8,95.1,2.5,84.5,4.2,19.4,0.6
18.5,1.3,18.2,2.1,,,99.7,5.5,311.8,12.0,9.19,0.56,14.1,0.7,8.82,0.68,14.9,1.2,18.5,0.7,95.4,3.8,92.1,3.1,19.6,1.2
18.9,3.3,18.2,1.8,,,100.4,2.7,311.8,12.5,9.2,0.46,14.1,1.0,8.83,0.64,15.7,1.0,18.7,1.5,96.2,4.3,98.8,4.1,19.9,1.2
21.6,5.4,18.3,1.3,,,100.7,5.6,311.8,11.0,9.23,1.63,14.2,1.4,8.84,0.39,17.0,1.4,18.7,0.8,96.9,3.9,134.4,3.8,19.9,0.7
80.1,4.0,18.3,1.5,,,100.8,5.6,312.1,9.6,9.32,1.09,14.2,1.2,8.86,0.97,17.1,0.7,18.8,1.3,98.9,2.3,152.6,4.7,20.1,1.3
83.4,4.5,18.3,1.5,,,100.9,5.7,312.1,10.4,9.45,0.98,14.2,1.4,8.86,0.93,17.2,1.2,18.8,0.4,100.1,4.5,156.7,6.4,20.4,0.9
84.3,5.1,18.5,1.8,,,101.8,4.4,312.2,9.3,9.46,0.7,14.2,1.2,8.95,0.46,17.3,1.1,19.6,0.8,100.4,5.2,157.5,4.0,20.6,1.3
85.8,4.9,19.1,1.9,,,101.9,3.1,312.3,12.9,9.5,0.92,14.2,1.2,8.96,0.8,17.7,1.2,19.8,1.5,102.0,6.8,160.4,3.8,21.8,0.7
92.2,6.0,19.4,1.7,,,102.5,4.4,312.3,12.9,9.56,0.72,14.2,0.9,9.01,0.58,20.5,1.6,20.0,0.9,103.0,3.4,412.3,15.6,29.8,1.0
101.9,3.9,19.9,1.6,,,102.9,5.1,312.4,9.7,9.59,0.55,14.3,1.1,9.03,0.89,21.2,1.0,20.2,0.9,103.4,3.1,,,35.7,1.6
107.4,6.2,20.7,2.0,,,103.6,2.8,313.0,12.9,9.6,0.73,14.3,0.9,9.05,1.17,21.5,0.6,20.2,0.6,104.1,4.1,,,73.0,2.5
107.5,3.2,42.8,25.6,,,103.6,5.0,313.1,8.6,9.61,0.55,14.3,0.7,9.07,1.69,22.4,2.4,20.4,0.7,104.7,3.7,,,73.8,2.5
108.7,3.0,47.1,17.2,,,104.1,4.0,313.1,11.0,9.61,0.68,14.4,1.9,9.07,0.92,25.5,2.7,21.3,1.1,105.1,3.5,,,89.2,4.3
110.6,2.9,54.0,3.0,,,104.2,5.0,313.1,11.6,9.62,0.69,14.4,0.7,9.08,1.2,39.1,2.1,21.4,0.8,105.3,3.5,,,96.0,5.8
111.5,4.2,61.7,1.9,,,104.3,4.0,313.2,15.0,9.63,0.98,14.4,0.8,9.08,0.9,84.2,3.8,37.4,1.5,105.6,3.2,,,101.8,3.6
114.4,5.2,61.9,3.7,,,104.3,4.6,313.5,11.6,9.64,0.53,14.4,1.2,9.14,0.54,85.9,5.4,70.0,2.7,105.8,3.1,,,106.9,4.0
153.1,4.9,62.3,1.5,,,104.6,4.2,313.5,12.6,9.65,0.63,14.4,1.3,9.22,1.82,93.4,6.4,83.0,3.7,106.0,4.7,,,149.5,6.3
153.5,4.3,63.0,3.5,,,104.6,4.9,313.7,10.1,9.67,0.8,14.5,1.1,9.24,0.95,93.8,5.4,85.0,3.2,106.2,2.7,,,160.6,5.9
153.5,4.0,63.6,2.9,,,104.9,6.7,313.7,16.8,9.71,0.69,14.6,0.7,9.3,1.01,97.3,6.9,85.5,3.1,106.2,3.7,,,165.3,4.9
154.9,3.6,66.9,2.7,,,105.0,5.8,313.7,9.2,9.72,0.5,14.7,1.3,9.32,0.91,97.3,5.3,86.9,4.3,107.3,4.6,,,299.8,9.4
155.9,3.4,71.6,3.7,,,105.4,6.1,313.9,7.9,9.73,0.49,14.7,1.5,9.4,0.92,109.4,6.4,90.9,4.0,107.4,4.3,,,364.6,10.2
155.9,4.8,74.4,4.7,,,105.6,10.1,314.0,16.9,9.75,0.62,14.7,1.0,9.41,0.99,150.5,7.9,91.9,4.5,107.4,3.4,,,,
156.3,5.9,77.5,3.5,,,105.6,5.9,314.1,12.7,9.76,0.93,14.8,1.1,9.42,0.74,160.2,6.9,97.2,4.0,107.5,5.9,,,,
156.3,4.6,79.7,4.3,,,105.8,3.4,314.1,12.1,9.8,0.8,14.8,1.1,9.42,1.33,168.2,8.2,149.1,6.4,107.7,2.4,,,,
156.3,6.6,79.9,3.6,,,105.8,3.5,314.3,12.4,9.81,0.81,14.8,0.6,9.46,0.59,170.6,7.7,162.7,4.5,108.7,5.0,,,,
157.5,4.9,80.7,4.1,,,105.9,5.6,314.5,17.7,9.83,0.82,14.8,0.7,9.47,1.18,,,170.1,15.3,109.0,1.6,,,,
158.4,7.5,80.8,2.7,,,106.0,5.6,314.5,9.9,9.83,0.81,14.8,1.8,9.48,1.48,,,308.2,9.4,109.8,5.1,,,,
158.6,3.2,81.2,4.2,,,106.2,4.8,314.5,12.0,9.84,0.69,14.9,1.1,9.5,0.76,,,319.0,7.9,113.9,4.8,,,,
159.0,5.4,81.9,4.4,,,106.2,4.9,314.6,10.2,9.93,1.31,15.0,1.1,9.63,0.64,,,,,113.9,4.4,,,,
159.2,4.7,82.9,3.9,,,106.8,4.9,314.6,13.0,9.95,0.92,15.1,0.9,9.63,0.55,,,,,119.0,4.8,,,,
159.5,5.0,83.1,3.5,,,108.1,3.8,314.6,9.7,9.96,0.65,15.2,1.0,9.63,0.97,,,,,120.5,3.1,,,,
160.2,8.5,86.5,4.6,,,124.1,5.4,314.8,16.2,10.0,1.0,15.2,1.3,9.69,5.81,,,,,137.5,3.5,,,,
160.4,6.8,94.2,27.4,,,146.3,7.5,315.0,9.6,10.0,1.2,15.5,0.9,9.76,0.89,,,,,147.1,3.1,,,,
160.5,4.5,100.1,5.1,,,146.5,5.2,315.1,9.8,10.1,0.9,15.7,1.5,9.79,0.98,,,,,154.6,3.5,,,,
160.5,10.0,110.7,5.0,,,151.8,6.9,315.4,15.5,10.1,1.6,15.7,1.9,9.81,0.54,,,,,162.5,5.1,,,,
160.6,7.7,114.3,6.2,,,155.6,8.4,315.5,9.3,10.2,0.7,15.7,1.0,9.82,0.51,,,,,162.9,4.9,,,,
160.7,5.3,114.3,4.5,,,155.9,5.8,316.0,12.7,10.2,1.1,16.2,1.1,9.84,0.6,,,,,163.9,6.1,,,,
160.8,5.4,116.5,6.1,,,158.0,6.0,316.6,10.7,10.2,0.7,16.3,0.7,9.85,0.35,,,,,164.3,4.2,,,,
160.9,3.7,117.7,6.1,,,161.0,4.8,316.8,18.7,10.4,0.7,16.5,0.7,9.87,0.73,,,,,166.0,6.0,,,,
161.0,5.6,123.7,6.2,,,164.8,5.8,316.9,10.9,10.4,0.8,17.2,0.8,9.91,0.63,,,,,169.3,4.6,,,,
161.3,6.4,126.4,3.9,,,165.2,5.6,317.0,8.8,10.5,0.7,17.4,1.3,10.0,0.5,,,,,207.6,8.6,,,,
161.7,7.6,128.2,4.7,,,167.6,6.6,317.2,8.8,10.5,0.6,17.6,1.4,10.0,2.3,,,,,210.0,5.5,,,,
161.7,5.3,155.0,5.4,,,246.4,16.9,317.3,12.6,11.8,0.5,18.5,1.3,10.1,0.8,,,,,210.1,6.6,,,,
161.7,9.2,155.9,10.8,,,287.7,15.6,317.8,10.2,12.3,0.5,18.6,2.0,10.1,0.8,,,,,293.8,11.2,,,,
161.9,2.9,159.4,6.0,,,298.2,13.7,317.9,12.2,12.3,0.6,19.7,1.5,10.2,0.8,,,,,303.5,7.4,,,,
162.0,5.4,160.1,9.0,,,299.4,11.2,317.9,14.8,12.4,1.0,19.8,1.9,10.2,0.6,,,,,309.4,10.1,,,,
162.1,8.6,161.3,5.4,,,300.0,10.4,318.0,13.1,12.6,0.8,20.1,1.7,10.2,0.9,,,,,311.2,7.6,,,,
162.1,3.6,162.4,5.9,,,301.9,9.7,318.0,13.1,12.6,0.9,20.2,1.4,10.2,0.8,,,,,312.3,7.9,,,,
162.2,10.5,163.0,7.5,,,302.9,11.1,318.2,10.5,13.3,0.5,20.6,1.2,10.3,1.8,,,,,312.8,9.4,,,,
162.3,5.9,163.4,6.9,,,306.9,11.1,318.3,16.6,13.3,0.5,20.8,0.7,10.3,0.7,,,,,315.0,11.6,,,,
162.6,6.8,164.2,5.6,,,307.5,8.6,319.2,11.0,13.3,0.8,20.9,1.1,10.3,0.5,,,,,318.4,6.6,,,,
162.7,3.9,164.2,5.2,,,308.8,13.1,319.3,13.5,13.5,1.1,21.6,1.3,10.3,1.0,,,,,320.2,9.7,,,,
162.7,6.1,165.1,7.2,,,309.1,12.5,319.9,10.8,13.5,0.9,21.6,1.3,10.3,1.0,,,,,372.7,11.6,,,,
162.9,4.3,165.8,6.3,,,324.9,10.9,320.4,7.9,13.6,1.2,69.8,4.4,10.3,0.7,,,,,413.4,12.2,,,,
162.9,6.1,166.0,4.9,,,461.2,17.8,321.0,14.6,13.7,0.7,83.6,5.7,10.5,0.5,,,,,540.3,20.1,,,,
163.1,4.3,166.4,8.2,,,619.9,24.5,321.3,11.0,13.7,1.3,85.2,6.0,10.5,0.6,,,,,833.5,19.3,,,,
163.3,6.1,166.5,4.8,,,2012.8,67.2,321.4,13.6,13.8,1.6,85.4,4.4,10.5,0.9,,,,,,,,,,
163.3,6.2,166.7,6.6,,,,,321.8,11.0,13.8,1.0,85.4,4.9,10.6,0.8,,,,,,,,,,
163.4,4.7,167.3,8.6,,,,,322.2,12.9,13.8,1.8,86.5,9.9,10.7,0.9,,,,,,,,,,
163.6,7.8,167.4,8.8,,,,,322.9,12.0,14.2,0.8,89.0,5.9,10.9,1.4,,,,,,,,,,
163.6,7.0,168.5,8.2,,,,,323.0,14.0,14.2,1.1,144.6,4.3,10.9,1.0,,,,,,,,,,
163.7,6.5,168.5,7.4,,,,,324.8,12.0,14.2,1.2,145.8,6.2,11.0,0.8,,,,,,,,,,
163.7,7.0,169.1,6.4,,,,,325.4,13.4,14.3,1.1,146.7,6.3,11.0,0.3,,,,,,,,,,
163.8,10.0,170.6,11.3,,,,,326.8,9.2,14.3,0.6,153.1,8.8,11.2,1.4,,,,,,,,,,
163.9,4.9,170.6,6.1,,,,,332.5,12.8,14.4,0.5,161.2,8.2,11.5,0.6,,,,,,,,,,
164.1,4.8,172.1,5.9,,,,,333.2,11.5,14.4,0.9,,,11.7,1.1,,,,,,,,,,
164.1,5.3,178.5,5.0,,,,,334.1,11.7,14.5,0.8,,,11.9,1.4,,,,,,,,,,
164.2,4.0,178.6,5.8,,,,,334.7,10.5,14.6,0.9,,,12.0,2.5,,,,,,,,,,
164.2,8.2,279.4,9.0,,,,,360.5,7.9,14.7,1.6,,,12.5,1.3,,,,,,,,,,
164.3,8.1,286.5,20.3,,,,,365.2,13.7,15.0,1.2,,,12.5,2.5,,,,,,,,,,
164.4,5.2,288.8,15.1,,,,,446.0,16.8,15.5,2.2,,,12.7,0.9,,,,,,,,,,
164.4,6.8,290.7,16.4,,,,,460.8,14.0,16.3,1.3,,,13.3,0.5,,,,,,,,,,
164.5,4.8,293.3,8.3,,,,,1165.1,94.4,16.8,0.8,,,13.5,0.7,,,,,,,,,,
164.7,7.8,294.1,9.8,,,,,,,17.7,1.5,,,15.0,4.1,,,,,,,,,,
164.9,7.3,299.9,8.4,,,,,,,18.4,1.0,,,15.0,0.7,,,,,,,,,,
164.9,6.8,300.3,10.8,,,,,,,18.5,1.2,,,15.7,0.6,,,,,,,,,,
165.1,6.8,300.9,9.6,,,,,,,18.5,2.9,,,16.8,1.0,,,,,,,,,,
165.1,6.1,301.9,8.7,,,,,,,18.6,0.8,,,16.9,1.1,,,,,,,,,,
165.2,7.8,301.9,13.9,,,,,,,18.7,1.5,,,17.6,1.2,,,,,,,,,,
165.6,4.4,303.1,10.5,,,,,,,18.8,1.0,,,18.0,0.9,,,,,,,,,,
165.7,5.5,303.7,12.3,,,,,,,18.9,1.0,,,18.0,1.2,,,,,,,,,,
165.8,5.1,305.5,18.9,,,,,,,18.9,1.3,,,18.1,0.9,,,,,,,,,,
165.9,3.9,305.5,8.8,,,,,,,19.0,0.9,,,18.1,1.7,,,,,,,,,,
166.1,6.6,306.2,6.0,,,,,,,19.1,2.2,,,18.3,1.1,,,,,,,,,,
166.2,5.7,308.0,10.5,,,,,,,19.9,0.6,,,18.7,1.0,,,,,,,,,,
166.4,7.8,308.5,10.5,,,,,,,19.9,1.7,,,18.8,1.2,,,,,,,,,,
166.5,6.7,309.1,10.7,,,,,,,20.6,0.9,,,18.9,0.8,,,,,,,,,,
166.5,4.8,309.4,11.8,,,,,,,20.6,1.5,,,18.9,1.1,,,,,,,,,,
166.6,4.7,309.4,10.1,,,,,,,20.8,0.7,,,19.4,1.1,,,,,,,,,,
168.1,4.6,309.5,10.5,,,,,,,21.1,5.1,,,19.7,1.0,,,,,,,,,,
168.2,11.4,310.2,8.9,,,,,,,21.7,1.4,,,19.7,1.4,,,,,,,,,,
168.9,5.7,310.4,11.8,,,,,,,22.5,1.0,,,19.9,1.2,,,,,,,,,,
169.7,5.8,311.6,25.1,,,,,,,24.6,6.0,,,20.0,0.8,,,,,,,,,,
172.6,8.5,311.8,6.0,,,,,,,31.7,16.1,,,20.4,5.5,,,,,,,,,,
217.5,8.2,313.6,9.3,,,,,,,36.3,2.5,,,22.2,2.1,,,,,,,,,,
300.4,9.8,315.3,11.1,,,,,,,55.8,19.9,,,32.2,19.3,,,,,,,,,,
301.7,7.2,315.9,11.1,,,,,,,80.8,4.9,,,88.1,5.6,,,,,,,,,,
302.7,8.4,318.6,13.8,,,,,,,82.2,3.3,,,94.2,7.1,,,,,,,,,,
306.0,10.3,320.1,11.0,,,,,,,83.0,7.2,,,137.6,5.1,,,,,,,,,,
306.2,12.3,320.9,9.4,,,,,,,85.4,3.1,,,144.2,5.2,,,,,,,,,,
306.8,15.5,321.2,9.7,,,,,,,85.5,4.7,,,147.6,10.2,,,,,,,,,,
308.4,10.2,324.4,11.9,,,,,,,92.6,4.8,,,148.4,7.1,,,,,,,,,,
308.8,9.0,324.7,18.5,,,,,,,92.7,4.0,,,149.1,4.7,,,,,,,,,,
308.9,8.7,330.0,10.9,,,,,,,93.0,4.5,,,150.9,8.7,,,,,,,,,,
310.6,9.0,388.3,11.1,,,,,,,142.8,6.1,,,1036.8,56.6,,,,,,,,,,
311.2,8.3,392.8,12.4,,,,,,,146.1,6.3,,,,,,,,,,,,,,
313.1,9.1,404.0,11.3,,,,,,,146.8,6.6,,,,,,,,,,,,,,
313.9,11.6,525.2,13.7,,,,,,,148.5,6.7,,,,,,,,,,,,,,
314.9,9.4,626.7,30.2,,,,,,,149.0,5.9,,,,,,,,,,,,,,
317.7,15.4,1088.6,42.4,,,,,,,149.5,5.3,,,,,,,,,,,,,,
319.6,9.5,1169.1,43.1,,,,,,,150.7,6.4,,,,,,,,,,,,,,
518.6,15.6,1207.5,37.7,,,,,,,152.8,5.5,,,,,,,,,,,,,,
559.0,12.1,1654.6,45.8,,,,,,,153.3,7.3,,,,,,,,,,,,,,
1260.3,58.9,,,,,,,,,162.9,8.6,,,,,,,,,,,,,,
