Chi,Elevation
0.016482488678145852,213.0
0.032965461051260206,213.0
0.049448653302147955,213.0
0.06593219737882718,212.0
0.08241829297878518,211.0
0.09916721086604652,211.0
0.16797655292502456,213.0
0.22849702443369216,214.0
0.28902166739457724,214.0
0.11592129396092019,213.0
0.3746153136783149,214.0
0.43525716746887255,215.0
0.49590322207018944,216.0
0.5565534785009438,218.0
0.13267547017373774,211.0
0.6423307739029612,221.0
0.14943006543971996,212.0
0.7282512006124471,224.0
0.789078859389535,223.0
0.8499107642032289,222.0
0.9107809300884708,223.0
0.16618489352886787,212.0
0.9968754278701,223.0
1.0578138219377087,223.0
1.1188164236691858,224.0
0.18294018729832026,213.0
1.2051105122479404,226.0
1.2661517524375991,227.0
0.19969608651989867,213.0
1.3525920197800263,227.0
0.21645212547207313,213.0
1.4391424918834348,229.0
1.5004697234447535,228.0
1.5620477614651775,227.0
0.23320844389767514,213.0
1.649263652841465,226.0
0.2569122927473239,214.0
1.7364858478797567,229.0
0.6312794618110259,217.0
0.5457706870937725,216.0
0.4610597405291045,216.0
0.3764837378763228,216.0
0.2737949071798804,215.0
1.8237269634763016,230.0
0.8380412486413122,218.0
0.7523077089288714,218.0
0.2906779041930839,216.0
1.8854831664536027,229.0
2.185041297350288,235.0
2.2471410470114654,235.0
2.315011129034454,234.0
2.3829373574757176,234.0
1.6592116503913201,217.0
1.5693256187084421,217.0
1.4795724686557081,216.0
1.3915794833362511,215.0
1.3038019790436386,216.0
1.2174250198610093,217.0
1.13117809762967,218.0
1.0452034636348457,218.0
0.9593283908776673,218.0
0.30756094903100195,217.0
1.9731891577115455,229.0
2.035229668168368,231.0
2.097283831656444,234.0
2.4791534056332867,235.0
1.7876047944277536,217.0
0.33143377730827966,218.0
2.5472869042061625,236.0
2.1886857971289047,220.0
2.0977460185957284,219.0
2.006875534129905,219.0
1.916022344327622,218.0
0.34831710910444225,218.0
2.6436455344002665,238.0
2.31737288779464,220.0
0.3652013975513911,218.0
2.711797985707572,238.0
2.4564088139293108,221.0
0.38907591670055314,218.0
2.780397975598323,239.0
2.595606268972711,221.0
0.41295124761712265,218.0
2.87743496349874,238.0
2.946941506108925,238.0
3.0165430726331466,239.0
2.7349334212049192,221.0
0.4368267138376525,218.0
3.115007830843983,238.0
3.1846502613500145,239.0
2.8336980995522327,220.0
0.4607025183298247,219.0
3.283493387453115,241.0
3.3534311554204996,242.0
2.9329297549305,219.0
0.47760891030295916,219.0
3.4524113529840434,243.0
3.0744599470460554,220.0
0.49451535033316035,218.0
3.551628086509913,244.0
3.2160244640741817,221.0
0.511423664961976,217.0
3.6509837166369037,245.0
3.3576577184325465,221.0
0.5283325084552831,217.0
3.7215398332390928,244.0
3.4579690122509246,222.0
0.5452418808709832,219.0
3.7922319894580667,244.0
3.5999477144691148,222.0
0.5621517822669888,219.0
3.8629744975076554,244.0
3.7517445662474653,221.0
0.5860626548533019,217.0
3.9631678099206216,245.0
3.9052856670472855,221.0
0.6029730371907581,217.0
4.063587339265396,246.0
4.0588724204470426,222.0
0.6198838524164558,217.0
4.164079222575845,247.0
4.212596417251697,224.0
0.6367950043598241,217.0
4.26468517459503,248.0
4.366458087659507,224.0
0.6537112580406274,218.0
4.338158795838929,249.0
0.6706277043453159,219.0
4.412625780889332,250.0
0.687544439600227,218.0
4.518031981775652,251.0
0.7114650437490099,219.0
4.623795003524626,251.0
0.7283821161343481,219.0
4.729595179649593,251.0
0.7523035375483623,219.0
4.804691926266933,250.0
0.7692211397575996,219.0
4.880137682414996,250.0
0.7861413437631555,219.0
4.986984275005961,250.0
0.8030775748326008,219.0
5.0625657861930184,252.0
0.8200141443943167,219.0
5.138156378149207,252.0
0.8369509073908188,219.0
5.213819753999096,250.0
0.8608996954126386,217.0
5.321014645330196,252.0
0.8778370387598964,218.0
5.396879448990235,253.0
0.8947828534724384,218.0
5.504217383990113,254.0
0.9117289104419536,218.0
5.611948860933538,255.0
0.9286751127714713,218.0
5.720119125187761,256.0
0.9456241747348775,217.0
5.829588402821414,255.0
0.9625743034348414,217.0
5.939127573062984,256.0
6.016724195861196,257.0
0.9795248685947666,216.0
6.094380627235135,260.0
1.0041378215050685,216.0
1.0303844927935448,216.0
6.204314104106894,261.0
6.282080604932289,261.0
6.360395484195925,261.0
1.0287508496692082,218.0
1.0813992504842178,218.0
6.471380825639028,261.0
1.053363953087991,219.0
1.1324346649444206,219.0
6.58241015216053,261.0
6.662102880003157,260.0
1.165012812276001,219.0
1.1476050800199673,220.0
1.1301977736034097,220.0
1.1127908397664867,219.0
1.0953839591529475,220.0
1.0779771317622224,219.0
1.1834792695932848,219.0
6.789580458566938,260.0
1.189672804954089,218.0
1.2345353701276918,219.0
6.917081839134267,261.0
1.214332873390603,218.0
1.3069740722208456,219.0
7.044774197429548,263.0
1.2389930175863575,219.0
1.37942265018662,218.0
1.4306755780563059,219.0
1.4819588438086952,219.0
7.172706692171811,264.0
1.2636532375421672,220.0
1.5545031321558365,219.0
7.30112424207168,265.0
9.425344669552873,287.0
9.533578075518696,289.0
9.64184340168214,290.0
9.750140681016184,291.0
1.2883136090205312,220.0
1.6270639670708051,219.0
1.6783846581894815,219.0
7.392607397858722,266.0
8.764905968332025,281.0
8.864279231621424,281.0
8.964033602874435,282.0
9.063811963635962,282.0
9.165118328413026,282.0
9.272751438833025,284.0
1.3057542944095109,220.0
1.7510051703143024,219.0
3.3707743876035736,222.0
3.4630669574736617,223.0
3.5557459418979587,224.0
3.648462023886919,225.0
3.74123384980893,226.0
3.8340988435610557,226.0
3.9272076151017905,226.0
7.484108271780134,266.0
7.577292503799675,268.0
7.670514546425314,270.0
7.76381237164993,271.0
8.130083815864545,270.0
8.228825346691915,273.0
8.327590025039228,275.0
8.42642426007398,276.0
8.525421463241942,277.0
8.624559104698498,279.0
1.3232094152462233,220.0
1.8236555855426313,219.0
3.2402985139974128,222.0
7.8958160643712025,272.0
7.9904959950347765,271.0
1.3406648585401735,219.0
1.8752719922156293,219.0
3.110028560321653,223.0
1.365397726864226,218.0
1.9269051359206633,219.0
2.979988912826259,222.0
1.3901306717331954,218.0
1.99993470779518,219.0
2.850152790381382,221.0
1.4148636931479113,220.0
2.0515870028169254,219.0
2.7584025944688677,221.0
1.4395968676566073,219.0
2.103352316213475,220.0
2.666795158907489,221.0
1.4643301187135371,220.0
2.1768752599361183,221.0
2.26656222643541,221.0
2.356315376488144,221.0
2.446151496897794,221.0
2.537387852749467,221.0
1.4890635228694222,220.0
2.2596372509861244,220.0
1.5137975394542993,217.0
2.3424202369608844,220.0
1.5385316325965324,219.0
2.4252452687716244,221.0
1.5807586526860646,219.0
1.5632658788559655,220.0
2.50809661721926,222.0
1.605515443328344,217.0
2.5909690400621876,223.0
1.6302723107749824,217.0
2.6498632666587962,223.0
1.6550292550268135,219.0
2.708799253469094,223.0
1.6797862760846716,218.0
2.796211303125139,222.0
1.7045433739493905,220.0
2.8836297062091174,222.0
1.7293006254303334,220.0
2.9710544643375885,223.0
1.7468094528076559,220.0
3.0584855791278183,223.0
1.771567011531055,220.0
3.145923052197778,223.0
1.7963246470671532,220.0
3.233366885166144,223.0
1.8210825898623901,221.0
3.295239867938126,224.0
1.8385918518353825,221.0
3.357121865824426,224.0
1.863350178723312,222.0
3.4190264216261492,223.0
3.5964916094156445,226.0
3.6592563439943393,226.0
1.8808602556649598,221.0
3.5077489731635394,224.0
3.748767295696445,226.0
1.8983707129707514,220.0
3.8382920565550815,226.0
1.915888076194708,220.0
3.9016149543446095,226.0
1.933406473407534,221.0
3.9650211218505453,226.0
1.9509255237760355,222.0
4.028525746242103,226.0
1.9757026197682166,220.0
4.118349219660524,226.0
2.0004797927854643,222.0
4.208193663948158,228.0
2.0252570428286165,222.0
4.271737821222857,228.0
2.050034446926092,222.0
4.3616733377185675,228.0
2.067557581449557,222.0
4.4517284377157536,229.0
2.0923361410613257,222.0
4.542440498534428,229.0
4.608374498922499,229.0
2.117114854755918,222.0
4.701652977908732,230.0
2.1346388065103516,222.0
4.7676264251526375,230.0
2.1521636846211667,222.0
4.862161993703765,231.0
2.2049733028145524,222.0
2.1708735561318617,222.0
4.929036569657173,231.0
2.257785098769056,222.0
2.189584044368487,222.0
4.995934822218695,231.0
2.4978715609880147,222.0
2.4603765680954583,221.0
2.4228885991852764,221.0
2.385420117200809,221.0
2.3479570852057194,221.0
2.3106001619546768,221.0
2.208295697726026,222.0
5.09054570626792,231.0
5.157652388674148,231.0
2.550891688914101,222.0
2.2270103678702293,222.0
5.233748382678305,232.0
2.6414213805398767,222.0
2.6039162337578983,222.0
2.245726821461483,222.0
5.309853675676689,233.0
2.6945323135384243,222.0
2.2644511018103484,221.0
5.385986889539965,234.0
2.7476443572783698,222.0
2.283176481568519,220.0
5.493652425247211,236.0
2.8007575118410215,222.0
2.3019041295721214,220.0
5.601331137901054,237.0
2.853871777307697,222.0
2.3206322588423363,221.0
5.709036221390746,237.0
4.513983459883494,227.0
4.473960868709323,227.0
4.4339431812128485,227.0
4.3939264741996,226.0
3.628638123153717,225.0
3.5904839820844945,225.0
3.5523422808933898,225.0
3.5142055516804036,225.0
3.4760737921778397,225.0
3.4379544470417875,225.0
3.3998524582792573,225.0
3.3617587247414145,224.0
3.3236707661376523,224.0
3.2855959958858993,224.0
3.247527813819594,224.0
3.2096610995739963,223.0
3.1718177956005102,222.0
3.1339994604760895,222.0
3.0961883635800254,223.0
3.0583845000658822,224.0
3.0205910762252848,225.0
2.982804873943155,222.0
2.94502107777417,223.0
2.9072380835237417,223.0
2.339361144476122,221.0
5.816780903553139,237.0
4.570586504072466,227.0
4.33737747197336,225.0
4.297396983838416,225.0
4.257420404389958,224.0
4.2174526145983835,224.0
4.177496533834799,225.0
4.1375453282908135,225.0
4.097604840905805,226.0
3.682948954933601,225.0
2.3658501116112656,222.0
5.893007446578396,237.0
4.627293985289173,227.0
4.041141381100164,226.0
3.8525140551992503,225.0
3.8140927996161142,225.0
3.775674944745999,225.0
3.737262188970707,225.0
2.3923392733794073,222.0
6.0010574213438135,238.0
6.077519051060614,238.0
4.804401482022852,227.0
4.7642615589713495,225.0
4.7241295615647045,225.0
4.68400845298219,226.0
3.984680673193337,225.0
3.945948968827735,226.0
3.9072251330726098,226.0
2.411100023157236,222.0
6.185675926663047,238.0
6.281249290412284,238.0
6.376946788939192,238.0
5.104497709204154,227.0
5.063557670439221,226.0
5.022622940117228,226.0
4.981731648354908,227.0
4.941500184797628,227.0
4.90132353424035,227.0
4.861167743449586,226.0
2.42986174147999,222.0
6.337780750290985,240.0
6.513032998793125,240.0
5.249874800245391,227.0
5.206130355536796,227.0
5.162389927427191,227.0
2.456402070210878,221.0
6.44538258792406,240.0
6.649359219925514,241.0
6.746613734425805,243.0
6.843912166073611,244.0
5.530645979414283,227.0
5.486851890262637,227.0
5.443068551754535,228.0
5.3992865564275325,228.0
5.355513959331841,228.0
5.311742704264312,227.0
5.285293197098697,227.0
2.4829424969196725,222.0
6.553141108392776,240.0
6.981679035577797,247.0
7.079220258732465,249.0
5.59339370271099,226.0
5.408217410538997,227.0
2.5094831195880776,222.0
6.661088706794795,240.0
7.217426678088307,253.0
7.315414829614195,255.0
7.413425516218285,256.0
7.51154915095665,258.0
7.610267553240787,262.0
5.637771152705633,229.0
5.531225524150604,228.0
2.5282535626980422,222.0
6.769385986128839,240.0
7.74998635026063,264.0
7.8488670517949535,264.0
7.948335114323881,265.0
5.700524849652924,229.0
5.6184123558442405,228.0
2.554795753225657,222.0
6.877811409045941,240.0
8.089184865926011,267.0
8.188867389587234,268.0
8.294590260236776,269.0
8.402411677852157,272.0
5.744948853512082,229.0
5.705644131139489,228.0
2.5735672359469883,222.0
8.556273348259968,278.0
5.807794396424563,228.0
5.7930112253994555,227.0
2.592339203889264,222.0
8.710181005868382,281.0
5.870641941217796,229.0
5.881004210718912,227.0
2.6111133211949538,222.0
8.864134698820738,284.0
5.915094242878846,230.0
6.00669443005302,226.0
2.637758023984666,222.0
5.977959814648215,231.0
6.095600281088352,229.0
2.664402826107531,221.0
6.02246178965907,231.0
6.184570318295546,232.0
2.6910477275648454,221.0
6.085415754600993,230.0
6.273572509475379,233.0
2.717692728357905,221.0
6.148406005997071,231.0
6.362590792901734,233.0
2.744337927826344,221.0
2.7631826880701897,222.0
2.7820284321250934,222.0
2.8008769880595867,222.0
2.819726106546231,221.0
6.192992157773632,231.0
6.451998372362929,232.0
2.846389705939753,221.0
6.237609840475444,232.0
6.541537048104912,232.0
2.873053404913215,221.0
6.282228958256265,232.0
6.631174488869465,233.0
2.8997172034679184,222.0
6.389971546960212,232.0
6.345336632640121,233.0
6.7209110770083935,233.0
2.92638120118901,222.0
6.453232203857346,233.0
6.847845464863625,233.0
2.9452401034099145,222.0
6.516587334913773,233.0
6.9376483649253835,233.0
2.9641014719636876,222.0
6.5802246970078775,232.0
7.065460594056152,233.0
2.982963897862904,222.0
6.643866242467892,231.0
7.19332088193369,233.0
3.0096356671368905,221.0
6.707511972256489,232.0
7.321301593957661,233.0
3.028505641456694,221.0
6.771163980343804,233.0
7.412241372490837,235.0
3.047376039365546,221.0
6.816191392522428,234.0
7.54087930842056,235.0
3.0662465078758077,222.0
6.861232146486451,234.0
7.632629504333074,235.0
3.0851172588009566,223.0
6.9072123792517175,234.0
7.724577273622051,235.0
3.111934146014758,223.0
3.1308995564895046,223.0
3.1498656136795264,223.0
3.1688318864584595,224.0
3.1877982311022692,224.0
6.972237448053663,234.0
7.854642440354002,235.0
3.214616947287508,224.0
3.2335875336467015,224.0
3.252560278084101,224.0
3.2715330944722396,224.0
3.822109939462027,228.0
3.901029180206319,229.0
3.9799589847148065,229.0
4.291770759958715,230.0
4.373543835495112,231.0
4.455328873592501,231.0
4.538851717944828,231.0
7.018227250232267,233.0
7.9469167498350215,236.0
3.2983612673035005,225.0
3.3173419320522743,225.0
3.395853005637898,225.0
3.4744472037466227,225.0
3.5530726530711774,226.0
3.6318445187244115,227.0
3.7106373790120006,228.0
4.09473475842152,229.0
4.176329127172442,229.0
4.657044200196946,232.0
7.06425539989334,234.0
8.077470137710451,237.0
3.3444969423953697,225.0
4.781839807324261,232.0
7.130595459787677,234.0
8.170149122134747,237.0
3.3716520588911987,225.0
4.9067681875721325,232.0
7.196942778622305,236.0
8.262865204123708,237.0
3.3988073876968516,225.0
5.031740935532741,232.0
7.263299780369872,237.0
8.394388054937163,238.0
3.425963459632643,225.0
5.156936352395584,232.0
7.329875964009969,236.0
8.487761878819594,238.0
3.4531199562461863,225.0
5.2834280721970215,231.0
7.396457047190758,236.0
8.581288352434074,238.0
3.472329004732985,226.0
5.409989327975291,232.0
7.463045482049446,237.0
8.725184878021492,238.0
3.491538128356167,226.0
5.499709364891925,235.0
7.529705129925057,236.0
8.869852140040434,239.0
3.5107474773946716,225.0
5.589462514944659,236.0
7.5963696988753995,237.0
9.014779545214077,238.0
3.5299572772915977,224.0
5.716443815631985,237.0
5.806346505987528,237.0
7.713799517021674,236.0
7.663041651822564,237.0
9.160497319796796,237.0
3.549167603236829,222.0
5.933681598357255,238.0
7.836424650207791,238.0
7.785612602320794,237.0
7.799217692515897,236.0
9.306635169421098,237.0
9.410203794607806,238.0
9.513827160089356,239.0
3.5683784552807887,222.0
6.0618558176047115,239.0
8.009989484869834,239.0
7.959113967215198,238.0
7.9082792833766264,238.0
7.895544446732539,238.0
9.617670503959275,240.0
3.587590961106248,222.0
6.15298711281866,238.0
8.081937105795408,240.0
7.99193492669326,239.0
3.6068051212115995,223.0
6.244135888739783,239.0
8.205159287951039,241.0
8.154020148642562,240.0
8.088346681383776,239.0
3.6260217636718375,224.0
6.335319661313545,240.0
8.328742886508929,243.0
8.277538833588494,243.0
8.184929227725204,240.0
3.645238857589937,225.0
6.426520949859848,240.0
8.401151989230144,241.0
8.321862022380536,242.0
3.6644583599104017,225.0
6.555678313926968,241.0
8.473600567195918,243.0
8.418854482791666,242.0
3.683678238639175,223.0
6.684985440220387,241.0
6.776592875781766,241.0
8.524977576059293,247.0
8.559068300406622,244.0
3.702902636281128,223.0
8.597627991287622,247.0
8.658299955784889,246.0
3.7221283903223594,224.0
25.96111785214775,327.0
8.670291710625513,247.0
8.757555163446506,247.0
3.741357838481578,224.0
25.824791631015362,326.0
8.742968742603976,247.0
8.856999496491326,248.0
3.7605889460327,225.0
25.72890686740649,326.0
8.815652434104786,247.0
8.998154026685361,249.0
3.77982027990337,224.0
25.63304297440013,325.0
8.940195680378702,249.0
8.888449665296722,247.0
9.098246100317295,251.0
3.79905297188712,225.0
25.537220774946427,324.0
9.279312679833847,250.0
9.22525690440037,248.0
9.171226387693856,243.0
9.118120867919984,245.0
9.065159844494437,248.0
9.013367954734726,250.0
9.19836244899348,251.0
3.8182940463259385,225.0
25.447284734801116,324.0
9.901359773968665,249.0
9.846360224268363,248.0
9.791411324912294,247.0
9.736489174445142,246.0
9.681959972725844,245.0
9.627459702805691,244.0
9.572982539684714,244.0
9.518583109640693,244.0
9.464281015835724,244.0
9.41000458565918,247.0
9.355759464570246,249.0
9.29852740964296,251.0
3.83753587656896,224.0
25.35784444425067,324.0
9.97915869490407,246.0
9.398863165156497,251.0
3.8567786895128098,224.0
25.26842051447982,323.0
10.061070550577087,248.0
9.500068463557295,253.0
3.8842410514130186,226.0
3.9802305921669774,226.0
25.142457499751067,322.0
10.142987466989075,249.0
9.645407994909164,255.0
3.911703523730995,226.0
4.10376766345057,229.0
25.053487462543874,321.0
24.967355555467567,321.0
24.88129526089023,321.0
10.224909445234536,250.0
9.74822072557365,255.0
3.939166216889169,226.0
4.191149838553828,229.0
4.278592428275267,230.0
24.759706970375877,321.0
10.306836486408375,250.0
9.89428188253606,258.0
3.958588674962763,226.0
4.402300455690622,231.0
4.489833942117921,231.0
24.638219353284832,320.0
10.38876859160591,248.0
9.99763255412326,259.0
3.9780188701572547,225.0
4.613735288704232,231.0
24.51679200040618,321.0
10.470705761922856,248.0
10.101010382164434,259.0
3.9974493781894798,225.0
4.701436281745171,231.0
24.396236676989492,320.0
10.734322152008417,251.0
10.673759920634916,251.0
10.61320186978717,251.0
10.55264799845534,250.0
10.248001264550215,259.0
4.025567934917507,225.0
4.058886171728679,226.0
4.789336691548634,232.0
24.3113218936631,319.0
10.820224641571016,251.0
10.352149765994922,259.0
4.053686611576722,226.0
4.14578267512105,226.0
4.913780636706863,234.0
5.002006562475689,235.0
5.090248094475793,235.0
5.178536503208586,235.0
5.267813655736502,235.0
24.2267054868488,318.0
10.906133108726278,250.0
4.0818055281036845,226.0
4.207259079043499,226.0
5.394166703745853,235.0
5.4838041445104055,237.0
5.573458083216723,237.0
5.663211233269457,236.0
24.15528931863023,317.0
10.992047554930299,250.0
4.109929363498303,226.0
4.294709273529657,226.0
5.790451643885725,237.0
24.083910341494434,318.0
11.077973963602563,250.0
4.194302789926538,227.0
4.1380534389147305,225.0
4.3822040440425365,226.0
5.880689794080688,238.0
6.326586751417019,243.0
6.420363155233571,243.0
6.514178217778675,243.0
24.01256106847122,319.0
11.164074485875418,250.0
4.2224525891784515,227.0
4.166177874377315,226.0
4.469711565177876,224.0
6.009376884746423,240.0
6.100438374277785,241.0
6.194041501104919,242.0
6.647662253023166,244.0
6.742103544256,244.0
23.941219214718902,318.0
11.250181034115235,251.0
4.242361190655289,227.0
4.531616120979599,225.0
6.877215103560857,245.0
6.972809117310786,245.0
23.870426229090597,317.0
11.33632376918207,251.0
4.262269962448328,227.0
4.593529708009913,226.0
7.068506615837694,246.0
23.799654892142556,317.0
11.397347826151401,251.0
4.282179074889071,227.0
4.681235699267856,227.0
7.203910941852295,247.0
23.69969618324893,318.0
11.490850523191975,251.0
4.302088698339622,227.0
4.768980286439996,227.0
4.831048113481122,227.0
7.3395215311264845,248.0
23.629261013030618,318.0
13.769426782624404,260.0
13.693293568761128,260.0
13.61720686977569,260.0
11.717038899919114,253.0
11.650769808989436,253.0
11.584506447334718,252.0
4.32199883284589,226.0
4.91892825603944,228.0
7.475250480107808,248.0
23.558854195504352,318.0
14.190195221888317,260.0
14.0850256139731,260.0
13.981237417929355,261.0
13.87747675738982,260.0
13.509699018530739,259.0
11.812302856684035,253.0
4.4099263305398955,228.0
4.390006050599819,228.0
4.370085855990894,228.0
4.35016574671184,227.0
5.0070817236557925,231.0
7.612830462457807,248.0
23.49056219126738,318.0
14.01631971191673,261.0
13.433962612910276,259.0
11.879693041811452,253.0
4.438094571706275,228.0
5.095254828570672,231.0
7.750659825444372,249.0
7.849633689847539,250.0
23.39404226870634,318.0
14.155259034990424,260.0
13.326897184090985,258.0
12.332681404897084,255.0
12.261093279701853,254.0
12.189512661060276,255.0
12.117939546218157,254.0
12.046627342570943,253.0
11.975337348222219,253.0
4.466272351739152,228.0
5.157649132667911,231.0
7.989781149757167,251.0
23.325807475111112,317.0
14.294327214428908,260.0
13.219857582175939,258.0
12.868286844070482,258.0
12.795706626198545,257.0
12.723150030215214,257.0
12.6506013022175,256.0
12.578060439220017,256.0
12.505792985404288,255.0
12.43397078144475,256.0
4.49445073587826,228.0
5.2458943722303895,231.0
8.134263592401615,251.0
8.236679232356309,252.0
23.25759171448934,317.0
14.43368685710723,260.0
13.11664407994777,259.0
13.043698254652206,259.0
12.970959866541074,259.0
4.522629845004686,229.0
5.334244904660753,231.0
8.381532143866663,253.0
23.189527551793056,317.0
14.5740004178121,259.0
4.550870939489686,228.0
5.396793013124252,232.0
8.527022559827769,253.0
8.630076148641573,255.0
8.733183530278604,256.0
23.122222252467708,317.0
14.714413970387177,260.0
4.579112277517427,229.0
5.4861456934337145,233.0
8.879359779128823,257.0
8.982901072091913,257.0
23.027086756023184,318.0
14.855028257312554,261.0
4.607353980873063,229.0
5.54934682793063,233.0
9.130364659437271,258.0
9.235275705861728,258.0
22.959841860846865,318.0
14.954543838328265,261.0
4.870933852163366,230.0
4.8507116911651496,230.0
4.6356028723737595,228.0
5.612572249540074,233.0
9.383822650945973,258.0
9.490049286324458,260.0
9.596365697040834,261.0
22.89273517844064,317.0
15.096314918559889,262.0
4.8995521880285455,230.0
4.8221187000637515,230.0
4.724494318941984,229.0
4.70428006761862,229.0
4.6840661755687085,229.0
4.663852373333667,229.0
5.702076299458967,234.0
5.765394310939646,235.0
5.8287172087291745,235.0
9.747208653184769,262.0
22.825700213591652,317.0
15.196773296525047,262.0
4.919791824601519,230.0
4.793525963285041,230.0
4.7733051512927585,230.0
4.753085148552869,229.0
4.780562379593422,229.0
5.918366588492813,236.0
22.758724808927482,318.0
15.33906543739941,264.0
4.948411308571735,230.0
4.863550342096777,228.0
6.0080785058648845,236.0
22.691796919303915,318.0
15.439745864196668,264.0
4.977031175279457,230.0
4.946626619909347,228.0
6.097867065871836,235.0
22.62487496076924,317.0
15.582318660658448,265.0
5.005667005325217,231.0
5.064132241650796,228.0
6.162076216690246,235.0
22.55808891162522,317.0
15.684007195800818,265.0
5.02591910520336,231.0
5.181691582299243,228.0
6.226290498801566,234.0
22.463686720827717,315.0
15.785721388809328,264.0
5.054562224884743,230.0
5.264843821381109,228.0
6.290509913641323,236.0
22.36932607572228,315.0
15.888427701796104,265.0
5.08320547251245,231.0
5.3480595475866854,229.0
6.381345217254619,237.0
22.27499032733802,317.0
15.991562016727647,265.0
5.111849359901784,232.0
5.4663617722035305,230.0
6.4455954586496675,237.0
22.1806794526989,317.0
16.095405360597564,265.0
5.132108968775787,232.0
5.5852740235730245,232.0
6.536796667387512,237.0
22.09178904061785,316.0
16.199414765437563,264.0
5.152368668179041,232.0
5.669396780056987,233.0
6.601316260458449,237.0
22.029245612410154,315.0
5.552959147237631,232.0
5.532614453821394,232.0
5.181023182922778,231.0
5.753532746254354,233.0
6.694404042430894,238.0
21.940862085660747,315.0
5.642768694505459,231.0
5.6224199575695035,231.0
5.602072691329786,233.0
5.581726803529971,232.0
5.503868462734793,233.0
5.290803257793752,231.0
5.270484504526866,232.0
5.250214656879106,232.0
5.229946078735014,232.0
5.2096779539176525,231.0
5.837761384191749,233.0
6.760259396096603,240.0
21.852518146922765,315.0
5.671577111272263,231.0
5.4751227307658175,232.0
5.319535656246237,229.0
5.9570110562365635,235.0
6.82612035650125,240.0
21.764272907360287,315.0
5.700385658588388,232.0
5.446377128352589,233.0
5.348268184046303,229.0
6.041359370285653,235.0
6.893510541628666,241.0
21.67604736136679,314.0
5.729194336455906,232.0
5.417641366200495,233.0
5.397321057957896,233.0
5.377000841195986,232.0
6.125841358513281,235.0
6.988826052809913,242.0
21.587841493568405,314.0
5.758003275432421,232.0
6.2105523050779485,234.0
7.084193216189547,242.0
21.525488906971805,314.0
5.786814956553591,232.0
6.295439810926938,233.0
7.157067002123969,242.0
21.463154830179356,314.0
5.815626768275864,232.0
6.38115924218655,234.0
7.260554508188331,240.0
21.400834623126716,314.0
5.844438710601314,233.0
6.466935156073647,235.0
7.364053486414834,241.0
7.4373306753950095,243.0
21.341978270637668,314.0
5.864815184538664,234.0
6.5886446410493384,237.0
7.540956141914595,245.0
7.633690792187462,246.0
7.726444023766125,246.0
7.8192158496881365,245.0
21.28312570087289,313.0
5.914009660633546,233.0
5.893630784594535,233.0
6.674733555612955,237.0
7.6423131725460545,245.0
7.950447851738929,246.0
21.224284474177587,313.0
5.9428414787692025,234.0
6.760836792668042,237.0
7.743797256891417,246.0
8.081758952904435,246.0
21.165477230837332,313.0
5.963233676725942,234.0
6.84699740320557,237.0
7.845306818946475,246.0
8.213870337839571,247.0
8.307339465489715,247.0
21.10668883748377,313.0
5.992068506567995,234.0
6.933403352810565,237.0
7.020292617006675,238.0
7.947021011954985,247.0
8.400904238236249,248.0
21.047941839778403,313.0
6.0124612602663605,234.0
7.143300730618281,239.0
8.048760885502748,247.0
8.533394982427193,248.0
20.98922113170656,314.0
21.13819455338721,314.0
6.0413073610353525,234.0
7.26641400187291,239.0
8.200121537853075,247.0
8.62734579114333,250.0
20.906221867233256,313.0
21.000082736585263,313.0
6.0701539864088625,235.0
7.391033343864455,239.0
8.30762974757813,248.0
8.760219734837904,252.0
20.82324908414088,312.0
20.902452698262355,312.0
6.119413356424382,235.0
6.099007434681266,235.0
7.479321752597248,239.0
8.459778745991297,249.0
8.854248422187922,251.0
20.764592051302326,312.0
6.148267592317871,235.0
7.567767048989915,239.0
8.567600163606679,248.0
8.987816414070606,252.0
9.082356882343896,253.0
9.176917229809764,253.0
20.71146804189723,312.0
6.16867453536329,235.0
7.693096735739071,239.0
8.6757698278632,248.0
9.310936133921123,254.0
9.405756249693857,254.0
20.65834667524759,312.0
6.189138770944288,235.0
7.782034659594062,240.0
8.784323926632178,249.0
9.540984649645988,254.0
20.60522795089332,311.0
6.209603381614949,235.0
7.8709886350531,240.0
9.642417845639583,253.0
20.53015167126413,311.0
6.230095344783506,234.0
7.9603798746631025,241.0
9.74392740769464,253.0
20.477156618334753,311.0
6.250588721345242,234.0
8.102741998154425,241.0
9.84556469498697,254.0
20.42418774873472,311.0
6.287101616415384,234.0
6.279083985103909,234.0
8.203571415737013,241.0
9.94727888799548,254.0
20.371226725309175,310.0
6.349438284108889,236.0
6.323614810726788,235.0
6.307589112979007,234.0
8.346711387859207,243.0
10.092393115612525,255.0
20.318270930407323,310.0
6.3859547706407875,237.0
6.347896209662526,235.0
8.490571569055744,243.0
10.195179205677496,256.0
20.265325587135372,310.0
6.422483237647834,237.0
6.3764025340004205,236.0
8.634833315279248,244.0
10.298018601124111,257.0
20.21239851685691,310.0
7.886884937730403,244.0
6.459012603745217,236.0
6.404909157481479,236.0
8.780513110379616,245.0
10.44362254107614,258.0
20.137592813972688,310.0
7.737017162989112,243.0
7.631087874006791,242.0
7.525394376941807,242.0
7.419730224917603,241.0
7.314819178493147,240.0
6.495543468498633,237.0
6.445260749689233,236.0
8.883674383245685,246.0
10.546676129889944,258.0
10.650381796035258,259.0
10.754142456574794,261.0
20.08489873351075,309.0
7.166957577499469,239.0
6.723701856340553,237.0
6.521379016077195,237.0
6.4738006465175015,237.0
9.030626112435234,246.0
10.90101598874564,262.0
11.004997652195208,263.0
20.032235448045288,309.0
7.0191359472040995,239.0
6.993230105833712,239.0
6.967333461911543,240.0
6.941437886718554,239.0
6.915547012100758,239.0
6.889657418939816,240.0
6.863776149841083,240.0
6.837895094056693,239.0
6.812020221712728,239.0
6.786150249801874,239.0
6.760280490879652,238.0
6.687137064465102,237.0
6.661288573463196,237.0
6.635440719553851,237.0
6.60959413966477,237.0
6.583751804923129,237.0
6.557911379701859,237.0
6.502340843723842,237.0
9.177734673857845,247.0
11.152145513308199,263.0
19.982341284706706,309.0
7.056243512099749,239.0
6.542706455789651,238.0
11.302988469452133,263.0
19.93245772755707,310.0
7.093351393644592,240.0
6.583089084503067,237.0
11.454132660182323,264.0
19.882601709613063,311.0
7.130459591848086,240.0
6.6116494322820625,238.0
11.60628165859549,266.0
19.832768952561658,311.0
7.16756810671969,239.0
6.640211888219209,237.0
11.75874114310364,266.0
19.76230842151054,309.0
7.204676938268862,240.0
6.68064999494974,238.0
19.692085457441447,309.0
7.241829562254845,241.0
6.72108895727329,238.0
19.642433258699995,309.0
7.279001601509488,242.0
6.761534766622727,239.0
19.572233897502162,309.0
7.316174596529867,242.0
6.790138894927745,240.0
19.522592126061532,309.0
7.353349503339782,242.0
6.818743325983623,240.0
19.473598196849856,309.0
7.4168252006138635,243.0
7.390529191129527,242.0
6.8473480598015755,240.0
19.424979465108287,309.0
7.454014456823151,242.0
6.875957033466619,241.0
19.376380101451613,309.0
7.491206904421464,244.0
6.904566310062059,241.0
19.307666073954987,308.0
7.5547373007755665,244.0
7.52840126731336,244.0
6.933417845113723,241.0
19.239150762619932,308.0
11.189497003562998,264.0
7.591988962525753,243.0
6.974216121793968,242.0
19.17064357474716,307.0
11.099359951155106,264.0
7.6292409452497765,244.0
7.015016605009008,242.0
19.102149918490415,306.0
11.009306844811594,264.0
7.666493569950513,243.0
7.04398313290145,242.0
19.03365896743451,306.0
10.882160869999234,263.0
10.793013480894436,263.0
7.703748762945377,244.0
7.072949977183837,242.0
18.98528803111006,306.0
10.667004798433615,263.0
7.84654688853316,245.0
7.82016674105795,245.0
7.793788417833453,244.0
7.767413741786209,244.0
7.7410399772575404,245.0
7.101917137868267,242.0
18.936926610535796,307.0
10.541382455559814,262.0
10.452952891865616,262.0
7.883893011792028,244.0
7.130886830204575,241.0
18.88857469916301,307.0
10.328068824249517,261.0
7.921244317536312,245.0
7.159861904873468,241.0
18.840236089685142,306.0
10.203317365212397,262.0
7.947668150555632,247.0
7.1888512438058845,242.0
18.791906973723314,306.0
10.078719995159616,260.0
7.974092212961944,247.0
7.21784121727618,243.0
18.743653571722746,306.0
9.95522553388817,259.0
8.01146200178846,248.0
7.2588339370684825,244.0
18.695994927226963,307.0
9.83323160907332,258.0
9.74698468684198,257.0
8.048852256578567,250.0
7.287832481560935,244.0
18.64836877849903,307.0
9.625254961649027,257.0
8.075295382436451,250.0
7.31683388503239,244.0
18.600744432818647,306.0
9.503907798551493,257.0
8.11268693797772,249.0
7.345845143654975,243.0
18.533406157198034,306.0
9.418174258839052,257.0
8.202357146655425,250.0
8.14042132246189,250.0
7.374857992916098,243.0
18.466075527065797,305.0
9.298981056397054,256.0
8.292034302069434,249.0
8.16816114346178,249.0
7.416037036710667,243.0
18.398749992238272,304.0
9.180217701359366,254.0
8.381718406103682,249.0
8.195903140112582,250.0
7.457216536362229,243.0
18.33142700455707,303.0
9.06147291252425,251.0
8.534856979658418,250.0
8.471416413033714,249.0
8.223647585084692,250.0
7.498396491888449,244.0
18.264106563684944,303.0
8.942820802573422,251.0
8.624659499329697,250.0
8.262880923624053,249.0
7.539579183033594,245.0
7.569110512926867,245.0
7.598642181333693,245.0
7.628177574286181,244.0
7.657726864135019,244.0
7.687281922827629,243.0
7.716841056019426,244.0
7.746414465456697,243.0
18.196788669284715,306.0
8.825261461924974,251.0
8.742147233850698,250.0
8.709302879816477,249.0
8.290628634201294,249.0
7.788269329102481,242.0
18.149569287271532,306.0
20.528202079003265,307.0
20.62106707275539,307.0
8.82900770617671,249.0
8.318627977275032,248.0
7.830124675332166,243.0
17.157374912417087,317.0
18.082872700311093,305.0
19.78879036329334,306.0
19.875768524381563,306.0
19.96285080201189,306.0
20.049947989076575,306.0
20.397049009551036,307.0
20.758430137277884,308.0
8.948788984619151,251.0
8.34663013011728,248.0
7.871980504165227,243.0
17.04904564688103,317.0
18.016181042701906,306.0
19.665928943720044,305.0
20.173527721873672,307.0
20.265948469618646,307.0
20.89588601992659,308.0
9.069227083784991,252.0
8.374634250384785,248.0
7.91383681562114,243.0
12.034981036039527,263.0
16.832705793588154,315.0
16.940748367546984,314.0
17.949491849290236,305.0
19.543483300918975,306.0
21.033746666886618,308.0
9.15548842074466,253.0
8.402639776252295,249.0
7.9556936097193836,244.0
9.882136983674043,257.0
9.972510550472322,257.0
10.06381718275729,258.0
11.89522942770039,263.0
12.179611267978181,264.0
16.6800678894477,314.0
17.88280511975744,306.0
19.334600390654945,305.0
19.42107896558148,306.0
21.172365668008638,308.0
9.241764180868318,253.0
8.442250328465185,250.0
7.997550886479436,243.0
9.573930027445927,253.0
9.664083901960623,254.0
9.754372750126082,255.0
10.193249576359365,259.0
11.169457300605037,262.0
11.264197221731015,262.0
11.362230461562714,262.0
11.4604447836129,262.0
11.558750087005288,263.0
11.65707818186715,263.0
11.755543415053253,263.0
12.281974366877726,264.0
16.527519286420016,311.0
17.816120853784938,304.0
19.21449227326424,305.0
21.270716572844904,308.0
9.328054372600084,254.0
8.470265137489934,251.0
8.039408645920778,244.0
9.446784052633568,253.0
10.322832852965725,258.0
11.03563632533479,262.0
12.42682727838808,264.0
16.268202957583302,307.0
16.37537028800685,308.0
17.74943905105423,303.0
19.09442276964072,305.0
21.409914027888306,308.0
9.41435900439256,254.0
8.498280227990636,251.0
8.081268819060824,246.0
9.321899985017469,253.0
10.452517060979726,259.0
10.902068333452107,261.0
12.529401109739513,264.0
12.63750716348111,266.0
12.74567682773763,268.0
16.117145048692578,304.0
17.682759711246884,305.0
18.974372556615258,304.0
21.549567283071408,308.0
9.536557531429326,255.0
8.537899935974705,251.0
8.123139618265556,246.0
8.152780999556756,245.0
9.108840751328222,253.0
9.197082283328326,253.0
10.58250572252874,260.0
10.67450763448413,261.0
10.768751658935361,261.0
12.898718863773304,268.0
15.966387774444378,298.0
17.616082834044533,305.0
18.854341623344787,304.0
21.692564720929973,309.0
21.793744807821486,309.0
21.895254369876543,310.0
9.622992505540156,255.0
8.565920939757918,251.0
8.194721585126995,245.0
8.984089292291102,252.0
13.052580534181114,267.0
15.860131243438211,292.0
17.549408419128888,305.0
18.73432995899668,305.0
22.03951611610005,311.0
9.745479504635714,257.0
8.593942788652447,251.0
8.236666545876062,245.0
8.895878963097514,251.0
13.206488191789528,268.0
15.51334069719512,292.0
15.551357955733435,292.0
15.754320080295471,292.0
17.482736466181724,303.0
18.614337552748733,306.0
22.141643942057815,312.0
9.868007908955718,258.0
8.633571261265566,251.0
8.278621721591351,247.0
8.686427933600996,248.0
8.773184446589369,250.0
15.421648151782561,290.0
15.459629415312438,291.0
15.605117835704112,292.0
15.644396271945624,291.0
15.683679302021993,291.0
17.41606697488489,304.0
18.494364393789173,306.0
22.286422493748756,312.0
22.38918196735925,312.0
9.956579420653611,258.0
8.661600156225465,252.0
8.32057835729843,247.0
8.563837329483302,247.0
15.383762834681827,290.0
15.739235905175015,293.0
15.77852904831109,294.0
17.34939994492031,304.0
18.37441047131661,306.0
22.534823817600746,312.0
22.63964916986383,313.0
10.045549457860805,258.0
8.68963046114273,252.0
8.351128883476477,247.0
8.441965592110284,247.0
15.330194140913255,288.0
15.834133833894752,296.0
15.873470290261674,298.0
15.912976061096545,299.0
15.952482769292143,298.0
15.991996979177008,298.0
16.031541245755314,299.0
17.28273537596997,305.0
18.25447577454006,306.0
22.788399813360424,315.0
22.89362718297922,315.0
22.99894140374401,315.0
10.13456774128716,258.0
8.717663304608953,252.0
8.394331101094279,247.0
15.292311252086092,287.0
16.087462159177857,299.0
16.127014893630474,299.0
17.216073267715927,304.0
18.152908437946483,306.0
23.14843354284246,316.0
10.260667933342408,258.0
8.757304138907886,251.0
8.437568955206746,247.0
15.238751712132002,286.0
16.18297310010023,299.0
17.149413619840317,305.0
18.051384038298387,306.0
23.298301317583753,316.0
10.38685986801042,260.0
8.796950959515117,253.0
8.480807890819836,247.0
8.511400832000414,247.0
15.20089146095496,285.0
16.23894064344183,300.0
16.278529201243867,299.0
16.3181451744594,299.0
16.3577677751508,300.0
16.397433073909948,301.0
16.437099323345247,300.0
16.476796989903907,301.0
16.51650514820876,302.0
16.556311058187905,304.0
16.596117930691243,304.0
16.63594117857967,304.0
17.082756432025338,304.0
17.18040491107521,306.0
17.248652403650503,305.0
17.317084966113207,305.0
17.38612310391187,305.0
17.455273981530492,306.0
17.525197915501405,305.0
17.59516338022549,304.0
17.665177406795465,305.0
17.73520532986279,306.0
17.80668114515763,306.0
17.87826176379921,305.0
17.949902512133217,305.0
10.51323599104143,261.0
8.824993400322274,254.0
8.554666835938923,247.0
15.163040897145896,285.0
16.69229082751652,303.0
16.732143030754266,304.0
16.772002000850335,306.0
16.811861937968782,306.0
16.85177615975238,305.0
16.892734265262764,304.0
16.93370301131526,305.0
16.974892043886562,306.0
17.01610170395326,306.0
17.08415328663592,305.0
10.603005713711326,260.0
8.853042339973488,256.0
8.59793392384451,247.0
15.109538444770775,286.0
10.749297372487488,259.0
8.881091844990735,257.0
8.64120914453409,246.0
15.056039410882482,285.0
10.895627572174726,260.0
8.909148137512961,256.0
8.684487619835755,246.0
8.715096280033112,248.0
15.018209806645567,284.0
11.041996348334418,260.0
8.93720697683207,255.0
8.758383438490469,249.0
14.980396297545484,286.0
11.18840373658423,261.0
8.965284233741455,254.0
8.789000929059952,249.0
14.927029991329439,286.0
12.264229186876342,266.0
12.156876392125033,266.0
12.051094688484412,268.0
11.945342415658905,267.0
11.439778808892944,262.0
11.335630307448238,262.0
8.993366030705271,253.0
8.832296776773555,248.0
14.87366707325311,285.0
11.796917222085153,266.0
11.692006175660696,265.0
11.587123721196404,263.0
9.021452654293437,253.0
8.862920415472203,248.0
14.820305284389391,286.0
9.04954467578177,253.0
8.893552130151955,249.0
14.766944624654657,285.0
9.077638686885656,255.0
8.92444984863725,249.0
14.713832580914712,286.0
9.105734119445513,253.0
8.955348360297108,249.0
14.660722758576265,285.0
9.133845489529818,252.0
8.986248855205204,249.0
14.62357115772475,286.0
9.173717681849213,253.0
9.030006828602417,250.0
14.586420312805233,285.0
9.213590281367393,253.0
9.061016289934967,250.0
14.533894361386677,283.0
9.253463288098912,254.0
9.092027357860902,250.0
14.4813822936446,282.0
9.293336702058326,256.0
9.123541201758629,250.0
14.428873428004316,280.0
9.333210930517204,255.0
9.168109590746955,251.0
14.376365629579439,282.0
9.373130864099357,254.0
9.212683993551142,252.0
14.323921725490063,283.0
9.41305120658934,256.0
9.244213574116893,252.0
14.28704988061331,282.0
9.452971958001815,256.0
9.275744006097112,252.0
14.125313349795697,281.0
14.161847599623846,282.0
14.198382562374526,282.0
14.234920377302329,282.0
9.492893936269729,256.0
9.307276992803637,253.0
14.073667019218714,280.0
9.532817141525058,256.0
9.338810405368319,253.0
14.022021695751095,278.0
9.561254953402472,257.0
9.383403469067165,254.0
13.970377379324106,279.0
9.601469375353245,256.0
9.414974008529358,253.0
13.918868385772392,281.0
9.641685056040316,255.0
9.446548825262884,253.0
13.86736138768783,281.0
9.670128802662326,257.0
9.49123621225519,251.0
13.815860374381732,280.0
9.698575221334067,258.0
9.535924206138908,251.0
13.779445913610516,281.0
9.73880349697335,259.0
9.580612806942886,252.0
13.727964832002616,280.0
9.767254965248158,259.0
9.625302621673937,254.0
13.464864787370342,279.0
13.501128821018792,281.0
13.676489724641693,280.0
9.795707919297516,258.0
9.656909582728732,254.0
13.413588425941981,278.0
13.552408129096346,281.0
13.58868328252483,279.0
13.625015612752708,278.0
9.824162359393023,259.0
9.688522986404504,256.0
13.362313046598333,277.0
9.8526227463908,262.0
9.720345452847209,255.0
12.969069959920736,278.0
13.003050572347718,278.0
13.037031737995385,277.0
13.07101511684107,279.0
13.311038649273565,277.0
13.60742461171649,280.0
13.709787710616036,281.0
13.812177068247536,281.0
9.881083430847896,262.0
9.752174517012826,255.0
12.921147513693564,276.0
13.11906996209358,280.0
13.154227554690854,279.0
13.189394499992117,279.0
13.22457268004173,280.0
13.259765233901854,279.0
13.360644486862352,278.0
13.462720286412805,278.0
13.95729129586458,280.0
9.909547685665771,263.0
9.784009303079438,256.0
12.805474707265425,276.0
12.839350776225814,275.0
12.873227392472579,274.0
13.211879015877733,280.0
14.102480488866906,281.0
9.938012833318815,263.0
9.82902618106907,256.0
12.757584775244187,276.0
13.343242942593056,278.0
14.205400024132542,281.0
9.966485425078847,262.0
9.874044927243805,255.0
12.675927499675197,274.0
12.709751172779,275.0
13.474712743951969,280.0
14.308669375911528,283.0
9.994965467763974,262.0
9.919073018416107,254.0
12.628160727845607,274.0
13.567878090784562,281.0
14.411965809406867,284.0
10.035260305436934,263.0
9.964179249545799,256.0
12.580396254696495,274.0
13.661062322804103,281.0
14.515726469946403,285.0
10.07555725580144,262.0
10.009286734775948,255.0
12.532640206731278,272.0
13.75436014802872,281.0
14.619569813816321,288.0
10.104061785511046,261.0
10.041189134915427,255.0
12.484885690058935,271.0
13.84825269567854,282.0
14.723440770089905,288.0
10.132579784580367,261.0
10.086304147312015,256.0
12.43714800627409,273.0
13.981099139203156,283.0
14.827785105430728,290.0
10.161099880886328,262.0
10.118212759496467,256.0
12.389420259439994,274.0
14.075441616586668,283.0
14.975407447896075,291.0
10.189622374695295,263.0
10.150437020260043,256.0
12.35573171441641,274.0
14.209009608469351,283.0
15.080147350489094,290.0
10.218148166222997,263.0
10.196011222989124,256.0
12.308102182012606,274.0
14.303550076742642,285.0
15.185461571253883,292.0
10.246676656877034,262.0
10.241586075819347,256.0
12.260474166750713,273.0
14.398210040108804,287.0
15.334581349483745,295.0
10.275208747757071,262.0
10.287161578783167,255.0
12.212849943603743,272.0
14.492909952819021,288.0
15.483866220277294,295.0
10.30374564141306,261.0
10.332739032342559,256.0
12.179174271749266,271.0
14.58779037075883,288.0
15.633608416228727,295.0
11.17949924828572,271.0
11.072362719711508,271.0
10.965318411118632,271.0
10.85830478084128,270.0
10.751352414995372,269.0
10.34409978141832,261.0
10.378362082917036,258.0
12.145528036095937,272.0
14.683821675283724,288.0
15.784580215425636,296.0
10.600680652542678,266.0
10.4943042438435,262.0
10.373077706974762,261.0
10.423987091219262,258.0
12.031110595505629,271.0
12.064623101789111,274.0
12.09813613507544,274.0
14.77987397829034,290.0
15.937984642844507,297.0
10.402057216781902,262.0
10.469742622533268,257.0
11.849815816212367,269.0
11.883283632985497,271.0
11.916759845968595,272.0
11.950240259822358,271.0
11.983725401861802,271.0
14.875968326519567,292.0
10.443319518638724,262.0
10.47251280021054,265.0
10.501706406926173,265.0
10.530902290003482,265.0
10.560099799433827,265.0
10.589299586291224,265.0
10.515499472279503,257.0
11.769157473004078,268.0
11.802567764645643,269.0
14.972210341974964,292.0
10.630603278087037,265.0
10.561258959289148,258.0
11.655248180313173,268.0
11.688527466057497,268.0
11.721919006305068,268.0
15.069072698379635,291.0
10.659816416657552,266.0
10.607028340776969,259.0
11.375502055598659,265.0
11.408716764056885,265.0
11.441935048644718,266.0
11.475165604487286,268.0
11.508396671976525,268.0
11.541641564356889,267.0
11.57491725093704,266.0
11.60819345160009,268.0
15.16617404738337,294.0
10.689029881146615,266.0
10.652803002382663,259.0
10.685644638852724,262.0
10.718486766315394,262.0
10.751336261751632,262.0
10.78418821446504,261.0
10.817067239760036,260.0
10.849950702553091,259.0
10.882839591802663,260.0
10.915750218264067,260.0
10.948681145183352,260.0
10.981680224652129,261.0
11.328541512581188,266.0
15.30384736231975,298.0
10.730381120241749,266.0
11.028343041081575,262.0
11.28158241342616,266.0
15.401366425827606,299.0
10.759626913802798,266.0
11.075008682115346,261.0
11.234645674289382,266.0
15.498929826263092,299.0
10.788886132893056,268.0
11.121675735675709,262.0
11.154692305714434,263.0
11.187710376455184,264.0
15.597950387469297,301.0
10.830265157914619,271.0
15.69699432601449,301.0
10.871644646588793,271.0
15.796343938856872,301.0
10.901419447593447,270.0
11.018596375778342,270.0
15.89626666197973,302.0
10.931195990655004,270.0
11.165704937200953,270.0
11.774276462207666,273.0
11.879474937099175,273.0
11.98570157247766,275.0
12.091988028579848,277.0
12.198304439296225,277.0
15.996971867077477,305.0
10.9733429643301,269.0
11.312892134774737,268.0
11.417012764805861,271.0
11.521357100146684,272.0
11.625729517123421,272.0
16.097801284660065,306.0
11.003153723891975,271.0
16.24101271066356,307.0
11.045309106409752,270.0
16.342598840387723,309.0
11.07512266523541,273.0
16.44421053762778,309.0
11.104936574033733,273.0
16.590080577460398,311.0
11.134752582970041,272.0
16.693540024968293,312.0
11.1645840087562,272.0
16.79757719712007,311.0
11.19906226099942,273.0
11.232538687378197,272.0
11.233574332042787,270.0
11.300495997785818,271.0
11.26808990821382,267.0
11.368455940335837,270.0
11.302607821828962,268.0
11.436418515385107,273.0
11.484501202575439,276.0
11.337128073442338,271.0
11.552513863023593,277.0
11.600660086197,276.0
11.648811929606804,277.0
11.696969395549905,277.0
11.371651248333091,273.0
11.765098541115004,277.0
11.406178517268183,273.0
11.833251599335952,278.0
11.88180458953554,277.0
11.440713393938996,270.0
11.950749793211434,276.0
11.475249441551522,273.0
12.01969776540966,275.0
11.509787831464411,275.0
12.088648506519355,275.0
11.544330907646554,274.0
12.15760201692975,274.0
11.578886882553542,274.0
12.226558297030172,277.0
11.613461649373725,274.0
12.295520117678997,277.0
12.345053897508969,277.0
12.394610453158636,276.0
12.44418567085956,277.0
11.662648585295557,273.0
12.514329086324413,276.0
12.563947944653886,278.0
13.150319893503958,281.0
13.04560842000939,281.0
12.941682161742381,282.0
12.838547846810838,282.0
11.71183637028176,274.0
12.63412373072348,275.0
12.711541890294663,276.0
12.789078865426845,277.0
13.299563431183145,281.0
12.693471051123074,281.0
11.761025853550617,274.0
12.716449087422973,275.0
12.899069078503844,277.0
13.448848301976694,282.0
12.548580909537362,281.0
11.810234031484036,275.0
12.798779594849435,277.0
13.009173072160964,278.0
13.59821595934497,282.0
12.404061569121922,281.0
11.845037730345538,276.0
12.881115254130945,276.0
13.119348388256213,278.0
14.122061704637858,280.0
14.20279401618038,281.0
14.283767723823564,281.0
14.364752989645153,281.0
14.445749819421554,281.0
13.85353673259483,282.0
13.747666564194857,282.0
12.301881623828818,278.0
12.199805824278364,277.0
12.097807890719046,276.0
11.99601658793589,277.0
11.894251011141392,277.0
12.963456066396006,278.0
13.229623828007455,277.0
13.452198099562036,280.0
13.530928034614208,280.0
13.60968941028958,280.0
13.68871451193639,277.0
13.767824661156126,278.0
13.847073698700989,279.0
13.927274736377544,279.0
14.007938538759197,280.0
14.5610069935696,282.0
14.004080545028408,282.0
11.94488094326842,277.0
13.045807188015372,278.0
13.340888776615412,277.0
14.642553937513307,281.0
14.725341263751982,283.0
14.808141080063763,283.0
14.890990922705598,282.0
14.974016694375605,283.0
15.057092972188176,283.0
14.154666965207749,281.0
11.980694429758483,277.0
13.104065260705339,277.0
15.176136045325006,285.0
15.260338169170454,285.0
14.305296035369519,282.0
12.03133940108471,276.0
13.162484723799702,277.0
15.379909614299454,286.0
14.456267834566429,284.0
12.067167525285944,276.0
13.220915247869595,277.0
15.499538159093568,286.0
15.58428973603759,286.0
16.501916801114458,290.0
16.593382250769544,290.0
17.03690695027549,292.0
17.129035630385644,292.0
17.222314489746175,293.0
17.315612314970792,293.0
12.103001643680273,277.0
13.279378998899604,277.0
15.704455855664026,287.0
16.372634677407863,289.0
16.723015958699193,291.0
16.814766154611707,291.0
16.906713923900686,291.0
17.44832155580442,294.0
17.54268376701195,293.0
17.637523968601055,293.0
17.73254561530465,293.0
17.827648295311242,293.0
17.92281190929001,294.0
12.138839093698943,277.0
13.337905692838765,279.0
15.824680075680606,287.0
16.244168267027433,289.0
18.057777913380278,295.0
12.174945271256407,277.0
13.396436096693083,281.0
15.945196279983488,288.0
16.0304823386888,288.0
16.11582388605676,288.0
18.19398394384261,296.0
18.29050231927545,297.0
18.388243775679864,298.0
18.4860075691599,298.0
18.58379371759236,298.0
12.211055554160076,277.0
13.45498506247761,282.0
12.26214358409432,277.0
13.513537743121256,281.0
12.313236462585294,278.0
13.572138792131392,281.0
12.36433904302344,279.0
13.655185797732303,282.0
12.400482914190643,280.0
13.738238113838273,282.0
12.436627471971756,280.0
13.79698887056962,283.0
12.487751419411804,281.0
13.880083713548894,283.0
12.523909031537407,281.0
13.938958992432395,283.0
12.560081091366785,281.0
13.997838059151709,283.0
12.596267619125474,282.0
14.05672091455991,283.0
12.632454836338495,282.0
14.11561514115652,282.0
12.668646191243242,282.0
14.177224228235241,283.0
12.704839615614915,282.0
14.265240661983794,283.0
12.756028828440623,283.0
14.354559064865018,283.0
12.79224020555921,282.0
14.443884319550174,282.0
12.843476355414996,281.0
14.533216427879271,283.0
12.894713484728157,283.0
14.59640300577206,284.0
12.945956492162097,285.0
14.659604140268975,285.0
12.982221915130664,285.0
14.748991144091768,286.0
13.01851795035442,284.0
14.812377684242755,286.0
13.054818864054154,283.0
14.902020124797074,286.0
13.091724629683917,283.0
14.965445940945765,286.0
13.12864739670447,283.0
15.028916044579535,284.0
13.165600538665874,283.0
15.092445366930683,284.0
13.202566300792823,284.0
15.158680108191463,285.0
13.239546185678877,284.0
15.224932016495128,285.0
13.276534255536083,283.0
15.291385364794884,284.0
13.313528282083888,282.0
15.35787346146167,285.0
13.365850478669847,283.0
15.451904028207188,286.0
13.418173729325934,285.0
15.545959210822048,287.0
13.470499088345269,285.0
15.615924675546134,286.0
13.507508021321673,285.0
15.68595259861346,286.0
13.559842871656702,284.0
15.785001581913697,286.0
13.596857026852076,285.0
15.884070249034487,287.0
13.6338726745838,285.0
15.954413418760797,287.0
13.671092530582234,285.0
16.025228076264977,286.0
13.708321520474689,284.0
16.125482907299883,287.0
13.760966542747886,285.0
16.196391745346734,288.0
13.8136137191168,285.0
16.267307846224956,288.0
13.854061991879744,284.0
13.916578268068395,285.0
16.338238480580415,289.0
13.894515355517495,284.0
14.019633102181231,285.0
16.438647688520167,289.0
13.934976869221725,285.0
14.122699241434583,285.0
16.509673045284067,289.0
13.992192331917975,285.0
14.22586732267767,286.0
16.58074959018833,290.0
14.049430871473483,285.0
14.298861312938044,287.0
16.681272538251868,291.0
15.278397145554859,285.0
15.178061390041321,286.0
15.078090383403929,286.0
14.106672297927643,285.0
14.402131689951133,287.0
14.475246581375561,287.0
14.54838573726359,287.0
16.78183695832017,291.0
15.421895640819201,285.0
14.937206881186537,285.0
14.147158296358098,286.0
14.65297149376291,287.0
16.883051953079363,291.0
15.52350733805926,286.0
14.796390851917593,285.0
14.696922789388665,283.0
14.597620418402048,285.0
14.498646553998881,286.0
14.40031845913702,286.0
14.30217218004695,286.0
14.204408386566918,286.0
14.726994962206177,288.0
16.95521876923705,290.0
15.667367519255796,286.0
14.24684518232331,286.0
14.801035318454185,287.0
17.059250328481514,291.0
15.76928779432179,286.0
14.289342334833062,286.0
14.87515183706063,287.0
17.163316955530497,290.0
15.876485957611425,286.0
14.349505327157754,286.0
14.949293804128235,288.0
17.236930837132128,291.0
16.028370578614393,287.0
14.409670037897286,286.0
15.023461250265997,288.0
17.31056956800162,291.0
16.18069672630842,287.0
14.469838185981928,286.0
15.09768826695761,288.0
17.384635281260973,291.0
16.289250825077396,288.0
14.530009772099122,286.0
15.171992121037524,288.0
17.458760279290697,292.0
16.397837176420975,288.0
14.590184796936542,286.0
15.246304529802355,288.0
17.563633048129493,294.0
14.632748690236761,287.0
15.35141859403707,288.0
17.63780899410355,294.0
14.675313800404416,287.0
15.427617096273558,287.0
17.71201046005805,294.0
14.717884996736222,287.0
15.503862353236098,287.0
17.817416660944367,294.0
14.765797222996794,287.0
14.821788326951605,287.0
15.580154465487963,288.0
17.922859579136784,294.0
14.813751866200626,286.0
14.925726573855334,286.0
15.656474739338204,288.0
17.99749095559269,295.0
14.861737945680506,285.0
15.03082852712829,286.0
15.732823211203806,288.0
18.07213101945969,295.0
14.909738843683193,286.0
15.135942591363007,286.0
15.809294297264202,288.0
18.17773356492625,296.0
14.957749011400319,287.0
15.241068771445326,286.0
15.885774843762736,288.0
18.283397731143324,296.0
15.121817197251694,287.0
15.07372705046586,287.0
15.025640633984054,287.0
15.346207072264473,286.0
15.962293273020085,288.0
18.358151054435112,296.0
15.238096031937557,288.0
15.189919807607412,288.0
15.451357498713056,287.0
16.073015978422156,288.0
18.46418760739888,296.0
18.53923115992158,296.0
18.61455097808529,296.0
18.69021435393518,296.0
18.766079157595218,296.0
18.842036142121152,296.0
18.918067154317015,296.0
15.306222522353124,288.0
15.556532191111884,287.0
16.151516683060812,289.0
19.025653746682426,296.0
15.354432576329044,289.0
15.661865091425746,289.0
15.736366579889582,289.0
15.810893982667134,288.0
16.230027756646436,289.0
19.134093008279645,298.0
15.402644512168635,289.0
15.916336900859552,289.0
16.3411452366869,290.0
19.24257282181737,299.0
15.470832162815345,290.0
15.990924893279708,289.0
16.452306885459436,290.0
19.351106787270908,298.0
19.434284400854594,299.0
15.519074243484079,290.0
16.06553022872008,289.0
16.564440880470393,291.0
19.551969420674634,299.0
19.63522332069444,299.0
19.718540980179206,298.0
19.801935377117708,299.0
15.567325757950217,290.0
16.14015292130282,288.0
16.690085834574838,291.0
19.939329356638808,303.0
15.615588601501008,290.0
16.21604533810541,286.0
16.815776053908944,291.0
20.076754275524333,304.0
20.173964942178298,305.0
20.271197524104497,304.0
20.368517940372723,305.0
20.465860358657213,305.0
20.563224796377426,305.0
15.68385096814437,289.0
16.323461579112934,288.0
16.941511595600026,290.0
20.700960456305218,305.0
15.732269581721665,289.0
16.430890890572403,289.0
17.067292516899105,289.0
20.838821103265246,305.0
15.781136662870997,288.0
16.538346359644304,288.0
17.193209921771082,290.0
20.97811579154789,304.0
15.830025464260714,288.0
16.614423767583617,288.0
17.31928721462192,292.0
21.121542330682832,304.0
21.22300095968559,306.0
21.32448504403095,307.0
21.425994606086007,307.0
21.527940744319658,307.0
21.630042545475522,307.0
21.733941139867774,307.0
21.83803392457342,307.0
15.87892414966403,288.0
16.690556981446893,288.0
17.408466982694936,292.0
15.927828768833777,289.0
16.798420766094328,288.0
17.53472787785358,291.0
15.976747243265383,290.0
16.906297812818465,289.0
17.624547382713825,291.0
16.02573520070273,290.0
16.074729129914406,291.0
17.014201400826792,289.0
17.714383503123475,292.0
16.14401781021137,291.0
17.09058752683455,289.0
17.842801053023344,292.0
16.213326218629025,291.0
17.19863750159997,290.0
17.275184386068407,290.0
17.35175976281853,290.0
17.933654242825625,292.0
16.262368013945274,291.0
17.460104609156193,291.0
18.062194066089752,292.0
16.33173572490203,291.0
17.568516865582318,290.0
18.191053717522276,290.0
16.38087978167664,292.0
17.645216139284678,290.0
18.32001233952675,292.0
16.43002585104662,292.0
17.721992006977448,290.0
18.41435481691026,293.0
16.479212233004585,291.0
17.799608548051996,291.0
18.508717028117793,293.0
16.52841275173742,290.0
17.91234045536543,291.0
18.603257496391084,293.0
16.577623376878027,291.0
18.025087840921167,290.0
18.69785764617403,292.0
16.647218640595824,291.0
18.137850712159903,291.0
18.792617593706595,292.0
16.716822488461574,292.0
18.21762006502508,292.0
18.887883068709346,292.0
16.766203995323547,292.0
18.29740038538808,293.0
18.983353416115435,292.0
16.81559778767083,292.0
18.37720265658971,292.0
19.118581816067568,292.0
16.885466695951088,292.0
18.4570598975091,292.0
19.253868769131213,293.0
16.93488303950111,292.0
18.536950183946022,293.0
16.98717162412823,292.0
18.61688460562062,293.0
17.039532895382084,293.0
18.69930026829985,293.0
17.113578839583255,294.0
18.782150110941686,293.0
17.166061200974614,294.0
18.865025006454992,293.0
17.21859684848329,294.0
19.065664980057857,292.0
18.98251274097599,293.0
17.271185971948853,293.0
19.183620904061286,292.0
17.323828762373253,293.0
19.267053762618463,294.0
17.376492047838717,294.0
19.385064129916632,295.0
17.450968811168124,294.0
19.47253698182679,294.0
17.50366289163006,294.0
19.59700280435448,295.0
17.57826697360146,294.0
19.722153576330516,295.0
17.652878353956957,294.0
19.847326663783523,295.0
17.70565486359195,294.0
19.972566781324343,297.0
17.75845205114674,293.0
20.097874054752356,297.0
17.81126217681069,292.0
20.223316018975854,297.0
17.864223200236236,293.0
20.349301860328364,296.0
17.917223495269887,294.0
20.438693099938366,297.0
17.9703000053578,294.0
20.52968497057613,296.0
18.023384421677505,294.0
20.621044434711617,296.0
18.07661984409456,294.0
20.750326558418212,297.0
18.151958826431894,294.0
20.879658704230504,296.0
18.22751793255502,293.0
20.971159578151916,297.0
18.30308085368673,293.0
21.100742854758273,297.0
18.378647590501277,294.0
21.230757000532886,298.0
18.43209211183922,295.0
21.322758912488275,298.0
18.485539332634005,295.0
21.415363857359697,297.0
18.561128977716496,295.0
21.50817291114385,298.0
18.61461404108728,295.0
21.601056577795063,298.0
18.668538363363865,294.0
21.693996342094756,299.0
18.722487770936244,294.0
21.7869548319807,299.0
22.259776543623932,299.0
18.776462304695368,294.0
21.925287741641984,299.0
22.023141062438256,299.0
22.121061717375976,299.0
22.407999591723932,299.0
18.831257280890966,294.0
22.512939257407705,300.0
18.88644899075868,295.0
22.66148620249195,301.0
18.94167093852099,295.0
22.766626971136205,301.0
18.9969171183945,294.0
22.87179657905142,301.0
19.07645052095562,295.0
22.97708182156093,301.0
23.08324875389034,302.0
23.18947538926883,303.0
23.295761845371015,304.0
19.13270085146965,296.0
23.446263092223848,304.0
19.18895441091071,296.0
23.59697758934796,304.0
19.27045994468204,296.0
19.35197045186627,296.0
19.433485933525713,296.0
19.515006390723087,295.0
19.59653182452149,296.0
19.65419475959315,297.0
19.735745092356854,298.0
19.79343975055056,298.0
19.85120158089712,298.0
19.9089846804451,298.0
19.990840940110647,298.0
20.072702248502377,298.0
20.15459387215641,299.0
20.212515893002912,299.0
20.29571204358715,299.0
20.398444924850715,299.0
20.501391222006312,298.0
20.604471694950263,297.0
20.707606009881804,297.0
20.388974578896743,299.0
20.853476049714423,299.0
20.482245084852288,299.0
20.99949891312991,300.0
21.708694190052974,302.0
21.813292216605724,302.0
20.57552356383852,299.0
21.14579057190607,300.0
21.24933186486916,300.0
21.353065015456092,301.0
21.45707442029609,302.0
21.56111159244787,302.0
21.920925327025724,303.0
20.668810018241402,299.0
22.028589742067087,303.0
20.735067652354417,301.0
22.180871534762687,303.0
22.28869295237807,304.0
20.801331014009136,301.0
22.441241555405753,304.0
20.867600104938816,302.0
22.54934760914735,304.0
20.93387492687761,302.0
22.657901707916327,305.0
21.000155481560572,302.0
22.766488059259906,305.0
21.066516477348227,302.0
21.13290628503266,302.0
21.199394381699445,302.0
21.26599876727847,302.0
21.33263233651011,302.0
21.399847100667685,302.0
21.495085316793627,302.0
21.590357859184316,301.0
21.685673370365564,301.0
21.753093962798623,303.0
21.820526731607586,304.0
21.91589389498722,304.0
21.983547163456894,304.0
22.079261197359266,304.0
22.175088918939135,304.0
22.243779658200886,305.0
22.31247689565241,305.0
22.40968840662611,305.0
22.506973730458945,306.0
22.605208149972825,305.0
22.703490401223625,305.0
22.80181097661472,306.0
22.900189136420952,306.0
22.999081140326833,306.0
23.09801230744669,306.0
23.168123812730073,306.0
23.26732075930171,306.0
23.3382441256156,307.0
23.40917475997106,307.0
23.509542719388534,309.0
23.609951927328286,309.0
23.710495603910214,309.0
23.78200130821065,308.0
23.88144564125547,308.0
23.909407573961403,309.0
24.025744088299508,308.0
24.036861366066162,309.0
24.170079268863848,308.0
24.164386564198992,309.0
24.31445121569824,309.0
24.292126823597584,309.0
24.382517367537307,309.0
24.89942069072435,310.0
24.99136846001333,310.0
25.083334264465517,310.0
25.17531811646831,310.0
24.45889679352244,309.0
24.51091051157374,308.0
24.769482945223235,310.0
25.306787917827226,311.0
25.401348265293095,311.0
24.561128951363813,309.0
24.639646822778356,309.0
25.535141048436547,311.0
24.663623580199488,309.0
25.66990419398087,310.0
24.812129902613343,309.0
25.804696254002103,310.0
26.650251197837036,313.0
24.96071750928657,309.0
25.066914278456004,310.0
25.939517250225286,311.0
26.03703631373314,312.0
26.510859038178957,313.0
26.791610201222312,313.0
26.891750845561,313.0
25.217161013298725,311.0
26.17530592761664,313.0
26.27322658255436,313.0
26.371531885946748,313.0
27.03372954777919,313.0
25.32344746940091,311.0
27.180291741696273,314.0
25.47386371130155,312.0
27.327087222292615,315.0
25.624364958154384,312.0
25.730922074457563,312.0
25.8817650306015,312.0
25.98850393351577,312.0
26.096105771148842,311.0
26.203990214591336,312.0
26.312835799887242,311.0
